{
  "ANDEBOL MISTO": {
    "sport_type": "andebol",
    "base_goals": 20.49738219895288,
    "base_goals_std": 6.929619517330738,
    "dispersion_k": 15.265567373378923,
    "base_draw_rate": 0.041884816753926704,
    "draw_elo_sensitivity": 0.010220556785974142,
    "draw_multiplier": 1.4,
    "draw_model": {
      "intercept": -2.3688234307826135,
      "coef_linear": -0.010220556785974142,
      "coef_quadratic": 1.0606626419348435e-05
    },
    "margin_elo_slope": 0.010931438325941761,
    "margin_elo_intercept": 5.976578076990369,
    "elo_adjustment_limit": 0.45,
    "division_params": {
      "1": {
        "base_goals": 22.71195652173913,
        "dispersion_k": 20.93028448293427,
        "base_draw_rate": 0.05434782608695652
      },
      "2": {
        "base_goals": 18.439393939393938,
        "dispersion_k": 15.886228829466582,
        "base_draw_rate": 0.030303030303030304
      }
    }
  },
  "BASQUETEBOL FEMININO": {
    "sport_type": "basquete",
    "base_goals": 8.844155844155845,
    "base_goals_std": 6.21177126184463,
    "dispersion_k": 3.0,
    "base_draw_rate": 0.0,
    "draw_elo_sensitivity": 0.0,
    "draw_multiplier": 1.0,
    "draw_model": {
      "intercept": 0.0,
      "coef_linear": 0.0,
      "coef_quadratic": 0.0
    },
    "margin_elo_slope": 0.013838730210185264,
    "margin_elo_intercept": 6.800766351447862,
    "elo_adjustment_limit": 0.5,
    "base_score": 8.844155844155845,
    "sigma": 6.21177126184463,
    "division_params": {
      "1": {
        "base_goals": 8.844155844155845,
        "dispersion_k": 3.0,
        "base_draw_rate": 0.0
      }
    }
  },
  "BASQUETEBOL MASCULINO": {
    "sport_type": "basquete",
    "base_goals": 9.596638655462185,
    "base_goals_std": 4.633308939254211,
    "dispersion_k": 7.758078332460857,
    "base_draw_rate": 0.0,
    "draw_elo_sensitivity": 0.0,
    "draw_multiplier": 1.0,
    "draw_model": {
      "intercept": 0.0,
      "coef_linear": 0.0,
      "coef_quadratic": 0.0
    },
    "margin_elo_slope": 0.003843609955570795,
    "margin_elo_intercept": 4.989543439069134,
    "elo_adjustment_limit": 0.5,
    "base_score": 9.596638655462185,
    "sigma": 4.633308939254211,
    "division_params": {
      "1": {
        "base_goals": 10.186868686868687,
        "dispersion_k": 11.208920763408832,
        "base_draw_rate": 0.0
      },
      "2": {
        "base_goals": 9.176258992805755,
        "dispersion_k": 6.327747434664528,
        "base_draw_rate": 0.0
      }
    }
  },
  "FUTEBOL DE 7 MASCULINO": {
    "sport_type": "futebol7",
    "base_goals": 2.4493087557603688,
    "base_goals_std": 2.0853807533006297,
    "dispersion_k": 3.158252348490565,
    "base_draw_rate": 0.11981566820276497,
    "draw_elo_sensitivity": 0.0022043556675060546,
    "draw_multiplier": 1.4,
    "draw_model": {
      "intercept": -1.926400509529264,
      "coef_linear": 0.0022043556675060546,
      "coef_quadratic": -1.5018603566353536e-05
    },
    "margin_elo_slope": 0.0032197638289594463,
    "margin_elo_intercept": 2.5471403017128225,
    "elo_adjustment_limit": 1.0,
    "division_params": {
      "1": {
        "base_goals": 2.3823529411764706,
        "dispersion_k": 3.0,
        "base_draw_rate": 0.12745098039215685
      },
      "2": {
        "base_goals": 2.508695652173913,
        "dispersion_k": 3.4262176986961115,
        "base_draw_rate": 0.11304347826086956
      }
    }
  },
  "FUTSAL FEMININO": {
    "sport_type": "futsal",
    "base_goals": 3.9276315789473686,
    "base_goals_std": 3.8833347946608754,
    "dispersion_k": 3.0,
    "base_draw_rate": 0.02631578947368421,
    "draw_elo_sensitivity": 0.001,
    "draw_multiplier": 1.4,
    "draw_model": {
      "intercept": 0.0,
      "coef_linear": 0.0,
      "coef_quadratic": 0.0
    },
    "margin_elo_slope": 0.00015840539585871397,
    "margin_elo_intercept": 5.347159850957468,
    "elo_adjustment_limit": 1.2,
    "division_params": {
      "1": {
        "base_goals": 3.9276315789473686,
        "dispersion_k": 3.0,
        "base_draw_rate": 0.02631578947368421
      }
    }
  },
  "FUTSAL MASCULINO": {
    "sport_type": "futsal",
    "base_goals": 3.2445141065830723,
    "base_goals_std": 2.7245130706919976,
    "dispersion_k": 3.0,
    "base_draw_rate": 0.11285266457680251,
    "draw_elo_sensitivity": 0.0015341031080192548,
    "draw_multiplier": 1.4,
    "draw_model": {
      "intercept": -1.7441018477182766,
      "coef_linear": -0.0015341031080192548,
      "coef_quadratic": -1.0424372077648676e-05
    },
    "margin_elo_slope": 0.003696451984860154,
    "margin_elo_intercept": 3.1420615763624182,
    "elo_adjustment_limit": 1.2,
    "division_params": {
      "1": {
        "base_goals": 3.06140350877193,
        "dispersion_k": 4.247044876041705,
        "base_draw_rate": 0.09649122807017543
      },
      "2": {
        "base_goals": 3.346341463414634,
        "dispersion_k": 3.0,
        "base_draw_rate": 0.12195121951219512
      }
    }
  },
  "VOLEIBOL FEMININO": {
    "sport_type": "volei",
    "base_goals": 1.1481481481481481,
    "base_goals_std": 0.9109906574999144,
    "dispersion_k": 10.0,
    "base_draw_rate": 0.0,
    "draw_elo_sensitivity": 0.0,
    "draw_multiplier": 1.0,
    "draw_model": {
      "intercept": 0.0,
      "coef_linear": 0.0,
      "coef_quadratic": 0.0
    },
    "margin_elo_slope": 0.0009050279520326824,
    "margin_elo_intercept": 1.5961997908237326,
    "elo_adjustment_limit": 0.5,
    "p_sweep_base": 0.704,
    "division_params": {
      "1": {
        "base_goals": 1.1206896551724137,
        "dispersion_k": 10.0,
        "base_draw_rate": 0.0
      },
      "2": {
        "base_goals": 1.1688311688311688,
        "dispersion_k": 10.0,
        "base_draw_rate": 0.0
      }
    }
  },
  "VOLEIBOL MASCULINO": {
    "sport_type": "volei",
    "base_goals": 1.1441605839416058,
    "base_goals_std": 0.9138146103537683,
    "dispersion_k": 10.0,
    "base_draw_rate": 0.0,
    "draw_elo_sensitivity": 0.0,
    "draw_multiplier": 1.0,
    "draw_model": {
      "intercept": 0.0,
      "coef_linear": 0.0,
      "coef_quadratic": 0.0
    },
    "margin_elo_slope": 9.832443050891583e-05,
    "margin_elo_intercept": 1.6985736926927533,
    "elo_adjustment_limit": 0.5,
    "p_sweep_base": 0.712,
    "division_params": {
      "1": {
        "base_goals": 1.1376146788990826,
        "dispersion_k": 10.0,
        "base_draw_rate": 0.0
      },
      "2": {
        "base_goals": 1.1484848484848484,
        "dispersion_k": 10.0,
        "base_draw_rate": 0.0
      }
    }
  }
}