{
  "ANDEBOL MISTO": {
    "sport_type": "andebol",
    "base_goals": 20.40452261306533,
    "base_goals_std": 6.9441186313362735,
    "dispersion_k": 14.967667429151653,
    "base_draw_rate": 0.04020100502512563,
    "draw_elo_sensitivity": 0.010954025472764988,
    "draw_multiplier": 1.4,
    "draw_model": {
      "intercept": -2.3728756974968,
      "coef_linear": -0.010954025472764988,
      "coef_quadratic": 1.2554174188738287e-05
    },
    "margin_elo_slope": 0.009724668648988303,
    "margin_elo_intercept": 6.154098996798947,
    "elo_adjustment_limit": 0.45,
    "division_params": {
      "1": {
        "base_goals": 22.70967741935484,
        "dispersion_k": 21.362758620689664,
        "base_draw_rate": 0.053763440860215055
      },
      "2": {
        "base_goals": 18.382075471698112,
        "dispersion_k": 15.16066909517815,
        "base_draw_rate": 0.02830188679245283
      }
    }
  },
  "BASQUETEBOL FEMININO": {
    "sport_type": "basquete",
    "base_goals": 8.844155844155845,
    "base_goals_std": 6.21177126184463,
    "dispersion_k": 3.0,
    "base_draw_rate": 0.0,
    "draw_elo_sensitivity": 0.0,
    "draw_multiplier": 1.0,
    "draw_model": {
      "intercept": 0.0,
      "coef_linear": 0.0,
      "coef_quadratic": 0.0
    },
    "margin_elo_slope": 0.013838730210185264,
    "margin_elo_intercept": 6.800766351447862,
    "elo_adjustment_limit": 0.5,
    "base_score": 8.844155844155845,
    "sigma": 6.21177126184463,
    "division_params": {
      "1": {
        "base_goals": 8.844155844155845,
        "dispersion_k": 3.0,
        "base_draw_rate": 0.0
      }
    }
  },
  "BASQUETEBOL MASCULINO": {
    "sport_type": "basquete",
    "base_goals": 9.596638655462185,
    "base_goals_std": 4.633308939254211,
    "dispersion_k": 7.758078332460857,
    "base_draw_rate": 0.0,
    "draw_elo_sensitivity": 0.0,
    "draw_multiplier": 1.0,
    "draw_model": {
      "intercept": 0.0,
      "coef_linear": 0.0,
      "coef_quadratic": 0.0
    },
    "margin_elo_slope": 0.003843609955570795,
    "margin_elo_intercept": 4.989543439069134,
    "elo_adjustment_limit": 0.5,
    "base_score": 9.596638655462185,
    "sigma": 4.633308939254211,
    "division_params": {
      "1": {
        "base_goals": 10.186868686868687,
        "dispersion_k": 11.208920763408832,
        "base_draw_rate": 0.0
      },
      "2": {
        "base_goals": 9.176258992805755,
        "dispersion_k": 6.327747434664528,
        "base_draw_rate": 0.0
      }
    }
  },
  "FUTEBOL DE 7 MASCULINO": {
    "sport_type": "futebol7",
    "base_goals": 2.4414414414414414,
    "base_goals_std": 2.0867867651793395,
    "dispersion_k": 3.115471089806134,
    "base_draw_rate": 0.11711711711711711,
    "draw_elo_sensitivity": 0.005082951733144196,
    "draw_multiplier": 1.4,
    "draw_model": {
      "intercept": -1.9981269372695776,
      "coef_linear": 0.005082951733144196,
      "coef_quadratic": -2.9403034315010055e-05
    },
    "margin_elo_slope": 0.0030986557733410224,
    "margin_elo_intercept": 2.5681541464569717,
    "elo_adjustment_limit": 1.0,
    "division_params": {
      "1": {
        "base_goals": 2.3726415094339623,
        "dispersion_k": 3.0,
        "base_draw_rate": 0.12264150943396226
      },
      "2": {
        "base_goals": 2.5043103448275863,
        "dispersion_k": 3.4075386370289618,
        "base_draw_rate": 0.11206896551724138
      }
    }
  },
  "FUTSAL FEMININO": {
    "sport_type": "futsal",
    "base_goals": 3.81875,
    "base_goals_std": 3.8011048969345747,
    "dispersion_k": 3.0,
    "base_draw_rate": 0.025,
    "draw_elo_sensitivity": 0.001,
    "draw_multiplier": 1.4,
    "draw_model": {
      "intercept": 0.0,
      "coef_linear": 0.0,
      "coef_quadratic": 0.0
    },
    "margin_elo_slope": 5.036318783367239e-07,
    "margin_elo_intercept": 5.397380472102005,
    "elo_adjustment_limit": 1.2,
    "division_params": {
      "1": {
        "base_goals": 3.81875,
        "dispersion_k": 3.0,
        "base_draw_rate": 0.025
      }
    }
  },
  "FUTSAL MASCULINO": {
    "sport_type": "futsal",
    "base_goals": 3.2406832298136647,
    "base_goals_std": 2.717465393843571,
    "dispersion_k": 3.0,
    "base_draw_rate": 0.11490683229813664,
    "draw_elo_sensitivity": 0.0009801972950062186,
    "draw_multiplier": 1.4,
    "draw_model": {
      "intercept": -1.7440431285677318,
      "coef_linear": -0.0009801972950062186,
      "coef_quadratic": -1.2606739579449606e-05
    },
    "margin_elo_slope": 0.0037024659502298478,
    "margin_elo_intercept": 3.141582843341657,
    "elo_adjustment_limit": 1.2,
    "division_params": {
      "1": {
        "base_goals": 3.0555555555555554,
        "dispersion_k": 4.323804288070367,
        "base_draw_rate": 0.10256410256410256
      },
      "2": {
        "base_goals": 3.346341463414634,
        "dispersion_k": 3.0,
        "base_draw_rate": 0.12195121951219512
      }
    }
  },
  "VOLEIBOL FEMININO": {
    "sport_type": "volei",
    "base_goals": 1.1481481481481481,
    "base_goals_std": 0.9109906574999144,
    "dispersion_k": 10.0,
    "base_draw_rate": 0.0,
    "draw_elo_sensitivity": 0.0,
    "draw_multiplier": 1.0,
    "draw_model": {
      "intercept": 0.0,
      "coef_linear": 0.0,
      "coef_quadratic": 0.0
    },
    "margin_elo_slope": 0.0009050279520326824,
    "margin_elo_intercept": 1.5961997908237326,
    "elo_adjustment_limit": 0.5,
    "p_sweep_base": 0.704,
    "division_params": {
      "1": {
        "base_goals": 1.1206896551724137,
        "dispersion_k": 10.0,
        "base_draw_rate": 0.0
      },
      "2": {
        "base_goals": 1.1688311688311688,
        "dispersion_k": 10.0,
        "base_draw_rate": 0.0
      }
    }
  },
  "VOLEIBOL MASCULINO": {
    "sport_type": "volei",
    "base_goals": 1.1421232876712328,
    "base_goals_std": 0.9152473345660653,
    "dispersion_k": 10.0,
    "base_draw_rate": 0.0,
    "draw_elo_sensitivity": 0.0,
    "draw_multiplier": 1.0,
    "draw_model": {
      "intercept": 0.0,
      "coef_linear": 0.0,
      "coef_quadratic": 0.0
    },
    "margin_elo_slope": 0.00010701020972117246,
    "margin_elo_intercept": 1.7009948110757156,
    "elo_adjustment_limit": 0.5,
    "p_sweep_base": 0.716,
    "division_params": {
      "1": {
        "base_goals": 1.1434782608695653,
        "dispersion_k": 10.0,
        "base_draw_rate": 0.0
      },
      "2": {
        "base_goals": 1.1412429378531073,
        "dispersion_k": 10.0,
        "base_draw_rate": 0.0
      }
    }
  }
}