{
  "ANDEBOL MISTO": {
    "sport_type": "andebol",
    "base_goals": 20.38,
    "base_goals_std": 6.903464508652321,
    "dispersion_k": 15.226450140203434,
    "base_draw_rate": 0.04888888888888889,
    "draw_elo_sensitivity": 0.0046448544839203625,
    "draw_multiplier": 1.4,
    "draw_model": {
      "intercept": -2.4009741488237797,
      "coef_linear": -0.0046448544839203625,
      "coef_quadratic": -5.728825983842372e-06
    },
    "margin_elo_slope": 0.01207940244110854,
    "margin_elo_intercept": 5.8143027119496455,
    "elo_adjustment_limit": 0.45,
    "division_params": {
      "1": {
        "base_goals": 22.527522935779817,
        "dispersion_k": 22.898985122921754,
        "base_draw_rate": 0.07339449541284404
      },
      "2": {
        "base_goals": 18.362068965517242,
        "dispersion_k": 14.238861619192289,
        "base_draw_rate": 0.02586206896551724
      }
    }
  },
  "BASQUETEBOL FEMININO": {
    "sport_type": "basquete",
    "base_goals": 8.702380952380953,
    "base_goals_std": 6.060763274862573,
    "dispersion_k": 3.0,
    "base_draw_rate": 0.0,
    "draw_elo_sensitivity": 0.0,
    "draw_multiplier": 1.0,
    "draw_model": {
      "intercept": 0.0,
      "coef_linear": 0.0,
      "coef_quadratic": 0.0
    },
    "margin_elo_slope": 0.018786863446218806,
    "margin_elo_intercept": 6.282510355408951,
    "elo_adjustment_limit": 0.5,
    "base_score": 8.702380952380953,
    "sigma": 6.060763274862573,
    "division_params": {
      "1": {
        "base_goals": 8.702380952380953,
        "dispersion_k": 3.0,
        "base_draw_rate": 0.0
      }
    }
  },
  "BASQUETEBOL MASCULINO": {
    "sport_type": "basquete",
    "base_goals": 9.601626016260163,
    "base_goals_std": 4.609092881844485,
    "dispersion_k": 7.918771840677665,
    "base_draw_rate": 0.0,
    "draw_elo_sensitivity": 0.0,
    "draw_multiplier": 1.0,
    "draw_model": {
      "intercept": 0.0,
      "coef_linear": 0.0,
      "coef_quadratic": 0.0
    },
    "margin_elo_slope": 0.0020353446595346818,
    "margin_elo_intercept": 5.177820395978797,
    "elo_adjustment_limit": 0.5,
    "base_score": 9.601626016260163,
    "sigma": 4.609092881844485,
    "division_params": {
      "1": {
        "base_goals": 10.154205607476635,
        "dispersion_k": 11.534821173384014,
        "base_draw_rate": 0.0
      },
      "2": {
        "base_goals": 9.176258992805755,
        "dispersion_k": 6.327747434664528,
        "base_draw_rate": 0.0
      }
    }
  },
  "FUTEBOL DE 7 MASCULINO": {
    "sport_type": "futebol7",
    "base_goals": 2.440677966101695,
    "base_goals_std": 2.108467082661489,
    "dispersion_k": 3.0,
    "base_draw_rate": 0.1059322033898305,
    "draw_elo_sensitivity": 0.00010112574866321191,
    "draw_multiplier": 1.4,
    "draw_model": {
      "intercept": -1.8512745642285773,
      "coef_linear": -0.00010112574866321191,
      "coef_quadratic": -1.4684600313029577e-05
    },
    "margin_elo_slope": 0.0022648248990198732,
    "margin_elo_intercept": 2.7004562318487597,
    "elo_adjustment_limit": 1.0,
    "division_params": {
      "1": {
        "base_goals": 2.3623853211009176,
        "dispersion_k": 3.0,
        "base_draw_rate": 0.11009174311926606
      },
      "2": {
        "base_goals": 2.5078740157480315,
        "dispersion_k": 3.270352609308886,
        "base_draw_rate": 0.10236220472440945
      }
    }
  },
  "FUTSAL FEMININO": {
    "sport_type": "futsal",
    "base_goals": 3.721590909090909,
    "base_goals_std": 3.7014723380039274,
    "dispersion_k": 3.0,
    "base_draw_rate": 0.03409090909090909,
    "draw_elo_sensitivity": 0.001,
    "draw_multiplier": 1.4,
    "draw_model": {
      "intercept": 0.0,
      "coef_linear": 0.0,
      "coef_quadratic": 0.0
    },
    "margin_elo_slope": 0.008979191345949492,
    "margin_elo_intercept": 4.2375475027942,
    "elo_adjustment_limit": 1.2,
    "division_params": {
      "1": {
        "base_goals": 3.721590909090909,
        "dispersion_k": 3.0,
        "base_draw_rate": 0.03409090909090909
      }
    }
  },
  "FUTSAL MASCULINO": {
    "sport_type": "futsal",
    "base_goals": 3.263235294117647,
    "base_goals_std": 2.7132249322295365,
    "dispersion_k": 3.0,
    "base_draw_rate": 0.11176470588235295,
    "draw_elo_sensitivity": 0.002001416148608341,
    "draw_multiplier": 1.4,
    "draw_model": {
      "intercept": -1.7099913542948808,
      "coef_linear": -0.002001416148608341,
      "coef_quadratic": -1.0508267274422937e-05
    },
    "margin_elo_slope": 0.0035641393811819064,
    "margin_elo_intercept": 3.160646701435297,
    "elo_adjustment_limit": 1.2,
    "division_params": {
      "1": {
        "base_goals": 3.096,
        "dispersion_k": 4.14803633745084,
        "base_draw_rate": 0.104
      },
      "2": {
        "base_goals": 3.36046511627907,
        "dispersion_k": 3.0,
        "base_draw_rate": 0.11627906976744186
      }
    }
  },
  "VOLEIBOL FEMININO": {
    "sport_type": "volei",
    "base_goals": 1.1436170212765957,
    "base_goals_std": 0.9141975333170845,
    "dispersion_k": 10.0,
    "base_draw_rate": 0.0,
    "draw_elo_sensitivity": 0.0,
    "draw_multiplier": 1.0,
    "draw_model": {
      "intercept": 0.0,
      "coef_linear": 0.0,
      "coef_quadratic": 0.0
    },
    "margin_elo_slope": 0.0008860565296498981,
    "margin_elo_intercept": 1.607501184906628,
    "elo_adjustment_limit": 0.5,
    "p_sweep_base": 0.713,
    "division_params": {
      "1": {
        "base_goals": 1.1188524590163935,
        "dispersion_k": 10.0,
        "base_draw_rate": 0.0
      },
      "2": {
        "base_goals": 1.1625,
        "dispersion_k": 10.0,
        "base_draw_rate": 0.0
      }
    }
  },
  "VOLEIBOL MASCULINO": {
    "sport_type": "volei",
    "base_goals": 1.1472491909385114,
    "base_goals_std": 0.9116295765438079,
    "dispersion_k": 10.0,
    "base_draw_rate": 0.0,
    "draw_elo_sensitivity": 0.0,
    "draw_multiplier": 1.0,
    "draw_model": {
      "intercept": 0.0,
      "coef_linear": 0.0,
      "coef_quadratic": 0.0
    },
    "margin_elo_slope": 0.0003745452004474326,
    "margin_elo_intercept": 1.6562143788330308,
    "elo_adjustment_limit": 0.5,
    "p_sweep_base": 0.706,
    "division_params": {
      "1": {
        "base_goals": 1.1416666666666666,
        "dispersion_k": 10.0,
        "base_draw_rate": 0.0
      },
      "2": {
        "base_goals": 1.1507936507936507,
        "dispersion_k": 10.0,
        "base_draw_rate": 0.0
      }
    }
  }
}