{
  "ANDEBOL MISTO": {
    "sport_type": "andebol",
    "base_goals": 20.481900452488688,
    "base_goals_std": 6.869559583915706,
    "dispersion_k": 15.706655293143859,
    "base_draw_rate": 0.049773755656108594,
    "draw_elo_sensitivity": 0.004651768703650644,
    "draw_multiplier": 1.4,
    "draw_model": {
      "intercept": -2.3905093317456925,
      "coef_linear": -0.004651768703650644,
      "coef_quadratic": -5.338436377544998e-06
    },
    "margin_elo_slope": 0.012136494867376071,
    "margin_elo_intercept": 5.843038194533397,
    "elo_adjustment_limit": 0.45,
    "division_params": {
      "1": {
        "base_goals": 22.593457943925234,
        "dispersion_k": 22.660803691299567,
        "base_draw_rate": 0.07476635514018691
      },
      "2": {
        "base_goals": 18.5,
        "dispersion_k": 15.196299902629017,
        "base_draw_rate": 0.02631578947368421
      }
    }
  },
  "BASQUETEBOL FEMININO": {
    "sport_type": "basquete",
    "base_goals": 8.702380952380953,
    "base_goals_std": 6.060763274862573,
    "dispersion_k": 3.0,
    "base_draw_rate": 0.0,
    "draw_elo_sensitivity": 0.0,
    "draw_multiplier": 1.0,
    "draw_model": {
      "intercept": 0.0,
      "coef_linear": 0.0,
      "coef_quadratic": 0.0
    },
    "margin_elo_slope": 0.011905243138932,
    "margin_elo_intercept": 6.66944157532932,
    "elo_adjustment_limit": 0.5,
    "base_score": 8.702380952380953,
    "sigma": 6.060763274862573,
    "division_params": {
      "1": {
        "base_goals": 8.702380952380953,
        "dispersion_k": 3.0,
        "base_draw_rate": 0.0
      }
    }
  },
  "BASQUETEBOL MASCULINO": {
    "sport_type": "basquete",
    "base_goals": 9.601626016260163,
    "base_goals_std": 4.609092881844485,
    "dispersion_k": 7.918771840677665,
    "base_draw_rate": 0.0,
    "draw_elo_sensitivity": 0.0,
    "draw_multiplier": 1.0,
    "draw_model": {
      "intercept": 0.0,
      "coef_linear": 0.0,
      "coef_quadratic": 0.0
    },
    "margin_elo_slope": 0.0020353446595346818,
    "margin_elo_intercept": 5.177820395978797,
    "elo_adjustment_limit": 0.5,
    "base_score": 9.601626016260163,
    "sigma": 4.609092881844485,
    "division_params": {
      "1": {
        "base_goals": 10.154205607476635,
        "dispersion_k": 11.534821173384014,
        "base_draw_rate": 0.0
      },
      "2": {
        "base_goals": 9.176258992805755,
        "dispersion_k": 6.327747434664528,
        "base_draw_rate": 0.0
      }
    }
  },
  "FUTEBOL DE 7 MASCULINO": {
    "sport_type": "futebol7",
    "base_goals": 2.424892703862661,
    "base_goals_std": 2.091199239401594,
    "dispersion_k": 3.018190929117777,
    "base_draw_rate": 0.1072961373390558,
    "draw_elo_sensitivity": 7.219218697539635e-05,
    "draw_multiplier": 1.4,
    "draw_model": {
      "intercept": -1.8443396491207977,
      "coef_linear": 7.219218697539635e-05,
      "coef_quadratic": -1.5224626607947455e-05
    },
    "margin_elo_slope": 0.0023183094190321026,
    "margin_elo_intercept": 2.6597971690182374,
    "elo_adjustment_limit": 1.0,
    "division_params": {
      "1": {
        "base_goals": 2.3623853211009176,
        "dispersion_k": 3.0,
        "base_draw_rate": 0.11009174311926606
      },
      "2": {
        "base_goals": 2.4798387096774195,
        "dispersion_k": 3.3823542562800144,
        "base_draw_rate": 0.10483870967741936
      }
    }
  },
  "FUTSAL FEMININO": {
    "sport_type": "futsal",
    "base_goals": 3.738095238095238,
    "base_goals_std": 3.7324798587121153,
    "dispersion_k": 3.0,
    "base_draw_rate": 0.03571428571428571,
    "draw_elo_sensitivity": 0.001,
    "draw_multiplier": 1.4,
    "draw_model": {
      "intercept": 0.0,
      "coef_linear": 0.0,
      "coef_quadratic": 0.0
    },
    "margin_elo_slope": -0.000497597355856086,
    "margin_elo_intercept": 5.315113026659797,
    "elo_adjustment_limit": 1.2,
    "division_params": {
      "1": {
        "base_goals": 3.738095238095238,
        "dispersion_k": 3.0,
        "base_draw_rate": 0.03571428571428571
      }
    }
  },
  "FUTSAL MASCULINO": {
    "sport_type": "futsal",
    "base_goals": 3.260294117647059,
    "base_goals_std": 2.71350867425544,
    "dispersion_k": 3.0,
    "base_draw_rate": 0.11176470588235295,
    "draw_elo_sensitivity": 0.002001416148608348,
    "draw_multiplier": 1.4,
    "draw_model": {
      "intercept": -1.7099913542948806,
      "coef_linear": -0.002001416148608348,
      "coef_quadratic": -1.0508267274422905e-05
    },
    "margin_elo_slope": 0.0034911111602470815,
    "margin_elo_intercept": 3.1624700679008284,
    "elo_adjustment_limit": 1.2,
    "division_params": {
      "1": {
        "base_goals": 3.088,
        "dispersion_k": 4.109780989683896,
        "base_draw_rate": 0.104
      },
      "2": {
        "base_goals": 3.36046511627907,
        "dispersion_k": 3.0,
        "base_draw_rate": 0.11627906976744186
      }
    }
  },
  "VOLEIBOL FEMININO": {
    "sport_type": "volei",
    "base_goals": 1.1436170212765957,
    "base_goals_std": 0.9141975333170845,
    "dispersion_k": 10.0,
    "base_draw_rate": 0.0,
    "draw_elo_sensitivity": 0.0,
    "draw_multiplier": 1.0,
    "draw_model": {
      "intercept": 0.0,
      "coef_linear": 0.0,
      "coef_quadratic": 0.0
    },
    "margin_elo_slope": 0.0008860565296498989,
    "margin_elo_intercept": 1.607501184906628,
    "elo_adjustment_limit": 0.5,
    "p_sweep_base": 0.713,
    "division_params": {
      "1": {
        "base_goals": 1.1188524590163935,
        "dispersion_k": 10.0,
        "base_draw_rate": 0.0
      },
      "2": {
        "base_goals": 1.1625,
        "dispersion_k": 10.0,
        "base_draw_rate": 0.0
      }
    }
  },
  "VOLEIBOL MASCULINO": {
    "sport_type": "volei",
    "base_goals": 1.1472491909385114,
    "base_goals_std": 0.9116295765438079,
    "dispersion_k": 10.0,
    "base_draw_rate": 0.0,
    "draw_elo_sensitivity": 0.0,
    "draw_multiplier": 1.0,
    "draw_model": {
      "intercept": 0.0,
      "coef_linear": 0.0,
      "coef_quadratic": 0.0
    },
    "margin_elo_slope": 0.00037454520044743247,
    "margin_elo_intercept": 1.6562143788330308,
    "elo_adjustment_limit": 0.5,
    "p_sweep_base": 0.706,
    "division_params": {
      "1": {
        "base_goals": 1.1416666666666666,
        "dispersion_k": 10.0,
        "base_draw_rate": 0.0
      },
      "2": {
        "base_goals": 1.1507936507936507,
        "dispersion_k": 10.0,
        "base_draw_rate": 0.0
      }
    }
  }
}