{
  "ANDEBOL MISTO": {
    "sport_type": "andebol",
    "base_goals": 20.423645320197043,
    "base_goals_std": 6.8906184892825575,
    "dispersion_k": 15.416551344360622,
    "base_draw_rate": 0.04433497536945813,
    "draw_elo_sensitivity": 0.006365802520042017,
    "draw_multiplier": 1.4,
    "draw_model": {
      "intercept": -2.450888084012804,
      "coef_linear": -0.006365802520042017,
      "coef_quadratic": -1.0429866831377706e-06
    },
    "margin_elo_slope": 0.010001132263953183,
    "margin_elo_intercept": 6.0926938162092625,
    "elo_adjustment_limit": 0.45,
    "division_params": {
      "1": {
        "base_goals": 22.65463917525773,
        "dispersion_k": 22.573176332553086,
        "base_draw_rate": 0.061855670103092786
      },
      "2": {
        "base_goals": 18.382075471698112,
        "dispersion_k": 15.16066909517815,
        "base_draw_rate": 0.02830188679245283
      }
    }
  },
  "BASQUETEBOL FEMININO": {
    "sport_type": "basquete",
    "base_goals": 8.844155844155845,
    "base_goals_std": 6.21177126184463,
    "dispersion_k": 3.0,
    "base_draw_rate": 0.0,
    "draw_elo_sensitivity": 0.0,
    "draw_multiplier": 1.0,
    "draw_model": {
      "intercept": 0.0,
      "coef_linear": 0.0,
      "coef_quadratic": 0.0
    },
    "margin_elo_slope": 0.013838730210185264,
    "margin_elo_intercept": 6.800766351447862,
    "elo_adjustment_limit": 0.5,
    "base_score": 8.844155844155845,
    "sigma": 6.21177126184463,
    "division_params": {
      "1": {
        "base_goals": 8.844155844155845,
        "dispersion_k": 3.0,
        "base_draw_rate": 0.0
      }
    }
  },
  "BASQUETEBOL MASCULINO": {
    "sport_type": "basquete",
    "base_goals": 9.596638655462185,
    "base_goals_std": 4.633308939254211,
    "dispersion_k": 7.758078332460857,
    "base_draw_rate": 0.0,
    "draw_elo_sensitivity": 0.0,
    "draw_multiplier": 1.0,
    "draw_model": {
      "intercept": 0.0,
      "coef_linear": 0.0,
      "coef_quadratic": 0.0
    },
    "margin_elo_slope": 0.003843609955570795,
    "margin_elo_intercept": 4.989543439069134,
    "elo_adjustment_limit": 0.5,
    "base_score": 9.596638655462185,
    "sigma": 4.633308939254211,
    "division_params": {
      "1": {
        "base_goals": 10.186868686868687,
        "dispersion_k": 11.208920763408832,
        "base_draw_rate": 0.0
      },
      "2": {
        "base_goals": 9.176258992805755,
        "dispersion_k": 6.327747434664528,
        "base_draw_rate": 0.0
      }
    }
  },
  "FUTEBOL DE 7 MASCULINO": {
    "sport_type": "futebol7",
    "base_goals": 2.4444444444444446,
    "base_goals_std": 2.0939654624717883,
    "dispersion_k": 3.0796640366505486,
    "base_draw_rate": 0.11555555555555555,
    "draw_elo_sensitivity": 0.00441507794852584,
    "draw_multiplier": 1.4,
    "draw_model": {
      "intercept": -1.9944354861337437,
      "coef_linear": 0.00441507794852584,
      "coef_quadratic": -2.6125915249088125e-05
    },
    "margin_elo_slope": 0.0028729562334079413,
    "margin_elo_intercept": 2.614828753937142,
    "elo_adjustment_limit": 1.0,
    "division_params": {
      "1": {
        "base_goals": 2.3726415094339623,
        "dispersion_k": 3.0,
        "base_draw_rate": 0.12264150943396226
      },
      "2": {
        "base_goals": 2.508403361344538,
        "dispersion_k": 3.324245674579118,
        "base_draw_rate": 0.1092436974789916
      }
    }
  },
  "FUTSAL FEMININO": {
    "sport_type": "futsal",
    "base_goals": 3.81875,
    "base_goals_std": 3.8011048969345747,
    "dispersion_k": 3.0,
    "base_draw_rate": 0.025,
    "draw_elo_sensitivity": 0.001,
    "draw_multiplier": 1.4,
    "draw_model": {
      "intercept": 0.0,
      "coef_linear": 0.0,
      "coef_quadratic": 0.0
    },
    "margin_elo_slope": 5.036318783367239e-07,
    "margin_elo_intercept": 5.397380472102005,
    "elo_adjustment_limit": 1.2,
    "division_params": {
      "1": {
        "base_goals": 3.81875,
        "dispersion_k": 3.0,
        "base_draw_rate": 0.025
      }
    }
  },
  "FUTSAL MASCULINO": {
    "sport_type": "futsal",
    "base_goals": 3.2553846153846155,
    "base_goals_std": 2.716220834413464,
    "dispersion_k": 3.0,
    "base_draw_rate": 0.11692307692307692,
    "draw_elo_sensitivity": 0.0016525215301157162,
    "draw_multiplier": 1.4,
    "draw_model": {
      "intercept": -1.684277408717485,
      "coef_linear": -0.0016525215301157162,
      "coef_quadratic": -1.1221553589098827e-05
    },
    "margin_elo_slope": 0.0036329133378430875,
    "margin_elo_intercept": 3.147937413889129,
    "elo_adjustment_limit": 1.2,
    "division_params": {
      "1": {
        "base_goals": 3.0714285714285716,
        "dispersion_k": 4.447856233196545,
        "base_draw_rate": 0.1092436974789916
      },
      "2": {
        "base_goals": 3.3616504854368934,
        "dispersion_k": 3.0,
        "base_draw_rate": 0.12135922330097088
      }
    }
  },
  "VOLEIBOL FEMININO": {
    "sport_type": "volei",
    "base_goals": 1.1481481481481481,
    "base_goals_std": 0.9109906574999144,
    "dispersion_k": 10.0,
    "base_draw_rate": 0.0,
    "draw_elo_sensitivity": 0.0,
    "draw_multiplier": 1.0,
    "draw_model": {
      "intercept": 0.0,
      "coef_linear": 0.0,
      "coef_quadratic": 0.0
    },
    "margin_elo_slope": 0.0009050279520326824,
    "margin_elo_intercept": 1.5961997908237326,
    "elo_adjustment_limit": 0.5,
    "p_sweep_base": 0.704,
    "division_params": {
      "1": {
        "base_goals": 1.1206896551724137,
        "dispersion_k": 10.0,
        "base_draw_rate": 0.0
      },
      "2": {
        "base_goals": 1.1688311688311688,
        "dispersion_k": 10.0,
        "base_draw_rate": 0.0
      }
    }
  },
  "VOLEIBOL MASCULINO": {
    "sport_type": "volei",
    "base_goals": 1.1421232876712328,
    "base_goals_std": 0.9152473345660653,
    "dispersion_k": 10.0,
    "base_draw_rate": 0.0,
    "draw_elo_sensitivity": 0.0,
    "draw_multiplier": 1.0,
    "draw_model": {
      "intercept": 0.0,
      "coef_linear": 0.0,
      "coef_quadratic": 0.0
    },
    "margin_elo_slope": 0.00010701020972117246,
    "margin_elo_intercept": 1.7009948110757156,
    "elo_adjustment_limit": 0.5,
    "p_sweep_base": 0.716,
    "division_params": {
      "1": {
        "base_goals": 1.1434782608695653,
        "dispersion_k": 10.0,
        "base_draw_rate": 0.0
      },
      "2": {
        "base_goals": 1.1412429378531073,
        "dispersion_k": 10.0,
        "base_draw_rate": 0.0
      }
    }
  }
}