{
  "ANDEBOL MISTO": {
    "sport_type": "andebol",
    "base_goals": 20.583333333333332,
    "base_goals_std": 6.820278858206877,
    "dispersion_k": 16.337320360617692,
    "base_draw_rate": 0.05092592592592592,
    "draw_elo_sensitivity": 0.003164223238062504,
    "draw_multiplier": 1.4,
    "draw_model": {
      "intercept": -2.4171771332340315,
      "coef_linear": -0.003164223238062504,
      "coef_quadratic": -1.0765195687928927e-05
    },
    "margin_elo_slope": 0.012099032061538907,
    "margin_elo_intercept": 5.745992907971726,
    "elo_adjustment_limit": 0.45,
    "division_params": {
      "1": {
        "base_goals": 22.527522935779817,
        "dispersion_k": 22.898985122921754,
        "base_draw_rate": 0.07339449541284404
      },
      "2": {
        "base_goals": 18.602803738317757,
        "dispersion_k": 15.729399551194314,
        "base_draw_rate": 0.028037383177570093
      }
    }
  },
  "BASQUETEBOL FEMININO": {
    "sport_type": "basquete",
    "base_goals": 8.702380952380953,
    "base_goals_std": 6.060763274862573,
    "dispersion_k": 3.0,
    "base_draw_rate": 0.0,
    "draw_elo_sensitivity": 0.0,
    "draw_multiplier": 1.0,
    "draw_model": {
      "intercept": 0.0,
      "coef_linear": 0.0,
      "coef_quadratic": 0.0
    },
    "margin_elo_slope": 0.011905243138932,
    "margin_elo_intercept": 6.66944157532932,
    "elo_adjustment_limit": 0.5,
    "base_score": 8.702380952380953,
    "sigma": 6.060763274862573,
    "division_params": {
      "1": {
        "base_goals": 8.702380952380953,
        "dispersion_k": 3.0,
        "base_draw_rate": 0.0
      }
    }
  },
  "BASQUETEBOL MASCULINO": {
    "sport_type": "basquete",
    "base_goals": 9.601626016260163,
    "base_goals_std": 4.609092881844485,
    "dispersion_k": 7.9187718406776675,
    "base_draw_rate": 0.0,
    "draw_elo_sensitivity": 0.0,
    "draw_multiplier": 1.0,
    "draw_model": {
      "intercept": 0.0,
      "coef_linear": 0.0,
      "coef_quadratic": 0.0
    },
    "margin_elo_slope": 0.004401423447778185,
    "margin_elo_intercept": 4.906309155850424,
    "elo_adjustment_limit": 0.5,
    "base_score": 9.601626016260163,
    "sigma": 4.609092881844485,
    "division_params": {
      "1": {
        "base_goals": 10.154205607476635,
        "dispersion_k": 11.53482117338402,
        "base_draw_rate": 0.0
      },
      "2": {
        "base_goals": 9.176258992805755,
        "dispersion_k": 6.327747434664528,
        "base_draw_rate": 0.0
      }
    }
  },
  "FUTEBOL DE 7 MASCULINO": {
    "sport_type": "futebol7",
    "base_goals": 2.454732510288066,
    "base_goals_std": 2.1680926528851394,
    "dispersion_k": 3.0,
    "base_draw_rate": 0.10699588477366255,
    "draw_elo_sensitivity": 0.01281998365914133,
    "draw_multiplier": 1.4,
    "draw_model": {
      "intercept": -2.5508560529563504,
      "coef_linear": 0.01281998365914133,
      "coef_quadratic": -5.077040608522247e-05
    },
    "margin_elo_slope": 0.0028037184833764753,
    "margin_elo_intercept": 2.6702596453056375,
    "elo_adjustment_limit": 1.0,
    "division_params": {
      "1": {
        "base_goals": 2.3584070796460175,
        "dispersion_k": 3.0,
        "base_draw_rate": 0.10619469026548672
      },
      "2": {
        "base_goals": 2.5384615384615383,
        "dispersion_k": 3.0,
        "base_draw_rate": 0.1076923076923077
      }
    }
  },
  "FUTSAL FEMININO": {
    "sport_type": "futsal",
    "base_goals": 3.7901234567901234,
    "base_goals_std": 3.8158734397533696,
    "dispersion_k": 3.0,
    "base_draw_rate": 0.024691358024691357,
    "draw_elo_sensitivity": 0.001,
    "draw_multiplier": 1.4,
    "draw_model": {
      "intercept": 0.0,
      "coef_linear": 0.0,
      "coef_quadratic": 0.0
    },
    "margin_elo_slope": -0.0006727349121972155,
    "margin_elo_intercept": 5.471234266863413,
    "elo_adjustment_limit": 1.2,
    "division_params": {
      "1": {
        "base_goals": 3.7901234567901234,
        "dispersion_k": 3.0,
        "base_draw_rate": 0.024691358024691357
      }
    }
  },
  "FUTSAL MASCULINO": {
    "sport_type": "futsal",
    "base_goals": 3.2938718662952646,
    "base_goals_std": 2.7603926278529425,
    "dispersion_k": 3.0,
    "base_draw_rate": 0.11420612813370473,
    "draw_elo_sensitivity": 0.0027868905690066697,
    "draw_multiplier": 1.4,
    "draw_model": {
      "intercept": -1.6228848321895062,
      "coef_linear": -0.0027868905690066697,
      "coef_quadratic": -6.2999012696664505e-06
    },
    "margin_elo_slope": 0.004655177234195773,
    "margin_elo_intercept": 3.029649120275696,
    "elo_adjustment_limit": 1.2,
    "division_params": {
      "1": {
        "base_goals": 3.064885496183206,
        "dispersion_k": 4.222192392564119,
        "base_draw_rate": 0.11450381679389313
      },
      "2": {
        "base_goals": 3.425438596491228,
        "dispersion_k": 3.0,
        "base_draw_rate": 0.11403508771929824
      }
    }
  },
  "VOLEIBOL FEMININO": {
    "sport_type": "volei",
    "base_goals": 1.1389776357827477,
    "base_goals_std": 0.9174462278354466,
    "dispersion_k": 10.0,
    "base_draw_rate": 0.0,
    "draw_elo_sensitivity": 0.0,
    "draw_multiplier": 1.0,
    "draw_model": {
      "intercept": 0.0,
      "coef_linear": 0.0,
      "coef_quadratic": 0.0
    },
    "margin_elo_slope": 0.0009629451706650373,
    "margin_elo_intercept": 1.6017473416506574,
    "elo_adjustment_limit": 0.5,
    "p_sweep_base": 0.722,
    "division_params": {
      "1": {
        "base_goals": 1.1119402985074627,
        "dispersion_k": 10.0,
        "base_draw_rate": 0.0
      },
      "2": {
        "base_goals": 1.1592178770949721,
        "dispersion_k": 10.0,
        "base_draw_rate": 0.0
      }
    }
  },
  "VOLEIBOL MASCULINO": {
    "sport_type": "volei",
    "base_goals": 1.1472491909385114,
    "base_goals_std": 0.9116295765438079,
    "dispersion_k": 10.0,
    "base_draw_rate": 0.0,
    "draw_elo_sensitivity": 0.0,
    "draw_multiplier": 1.0,
    "draw_model": {
      "intercept": 0.0,
      "coef_linear": 0.0,
      "coef_quadratic": 0.0
    },
    "margin_elo_slope": 0.00037454520044743247,
    "margin_elo_intercept": 1.6562143788330308,
    "elo_adjustment_limit": 0.5,
    "p_sweep_base": 0.706,
    "division_params": {
      "1": {
        "base_goals": 1.1416666666666666,
        "dispersion_k": 10.0,
        "base_draw_rate": 0.0
      },
      "2": {
        "base_goals": 1.1507936507936507,
        "dispersion_k": 10.0,
        "base_draw_rate": 0.0
      }
    }
  }
}