{
  "ANDEBOL MISTO": {
    "sport_type": "andebol",
    "base_goals": 20.423645320197043,
    "base_goals_std": 6.8906184892825575,
    "dispersion_k": 15.416551344360622,
    "base_draw_rate": 0.04433497536945813,
    "draw_elo_sensitivity": 0.006365802520042506,
    "draw_multiplier": 1.4,
    "draw_model": {
      "intercept": -2.45088808401276,
      "coef_linear": -0.006365802520042506,
      "coef_quadratic": -1.042986683131257e-06
    },
    "margin_elo_slope": 0.010001132263953183,
    "margin_elo_intercept": 6.0926938162092625,
    "elo_adjustment_limit": 0.45,
    "division_params": {
      "1": {
        "base_goals": 22.65463917525773,
        "dispersion_k": 22.573176332553086,
        "base_draw_rate": 0.061855670103092786
      },
      "2": {
        "base_goals": 18.382075471698112,
        "dispersion_k": 15.16066909517815,
        "base_draw_rate": 0.02830188679245283
      }
    }
  },
  "BASQUETEBOL FEMININO": {
    "sport_type": "basquete",
    "base_goals": 8.844155844155845,
    "base_goals_std": 6.21177126184463,
    "dispersion_k": 3.0,
    "base_draw_rate": 0.0,
    "draw_elo_sensitivity": 0.0,
    "draw_multiplier": 1.0,
    "draw_model": {
      "intercept": 0.0,
      "coef_linear": 0.0,
      "coef_quadratic": 0.0
    },
    "margin_elo_slope": 0.013838730210185264,
    "margin_elo_intercept": 6.800766351447862,
    "elo_adjustment_limit": 0.5,
    "base_score": 8.844155844155845,
    "sigma": 6.21177126184463,
    "division_params": {
      "1": {
        "base_goals": 8.844155844155845,
        "dispersion_k": 3.0,
        "base_draw_rate": 0.0
      }
    }
  },
  "BASQUETEBOL MASCULINO": {
    "sport_type": "basquete",
    "base_goals": 9.596638655462185,
    "base_goals_std": 4.633308939254211,
    "dispersion_k": 7.758078332460857,
    "base_draw_rate": 0.0,
    "draw_elo_sensitivity": 0.0,
    "draw_multiplier": 1.0,
    "draw_model": {
      "intercept": 0.0,
      "coef_linear": 0.0,
      "coef_quadratic": 0.0
    },
    "margin_elo_slope": 0.003843609955570795,
    "margin_elo_intercept": 4.989543439069134,
    "elo_adjustment_limit": 0.5,
    "base_score": 9.596638655462185,
    "sigma": 4.633308939254211,
    "division_params": {
      "1": {
        "base_goals": 10.186868686868687,
        "dispersion_k": 11.208920763408832,
        "base_draw_rate": 0.0
      },
      "2": {
        "base_goals": 9.176258992805755,
        "dispersion_k": 6.327747434664528,
        "base_draw_rate": 0.0
      }
    }
  },
  "FUTEBOL DE 7 MASCULINO": {
    "sport_type": "futebol7",
    "base_goals": 2.4414414414414414,
    "base_goals_std": 2.102913828689901,
    "dispersion_k": 3.009198746184262,
    "base_draw_rate": 0.11261261261261261,
    "draw_elo_sensitivity": 0.005493745887358086,
    "draw_multiplier": 1.4,
    "draw_model": {
      "intercept": -2.091684141560622,
      "coef_linear": 0.005493745887358086,
      "coef_quadratic": -2.799130134455082e-05
    },
    "margin_elo_slope": 0.002978312773054638,
    "margin_elo_intercept": 2.617229635402379,
    "elo_adjustment_limit": 1.0,
    "division_params": {
      "1": {
        "base_goals": 2.3640776699029127,
        "dispersion_k": 3.0,
        "base_draw_rate": 0.11650485436893204
      },
      "2": {
        "base_goals": 2.508403361344538,
        "dispersion_k": 3.324245674579118,
        "base_draw_rate": 0.1092436974789916
      }
    }
  },
  "FUTSAL FEMININO": {
    "sport_type": "futsal",
    "base_goals": 3.81875,
    "base_goals_std": 3.8011048969345747,
    "dispersion_k": 3.0,
    "base_draw_rate": 0.025,
    "draw_elo_sensitivity": 0.001,
    "draw_multiplier": 1.4,
    "draw_model": {
      "intercept": 0.0,
      "coef_linear": 0.0,
      "coef_quadratic": 0.0
    },
    "margin_elo_slope": 5.036318783367239e-07,
    "margin_elo_intercept": 5.397380472102005,
    "elo_adjustment_limit": 1.2,
    "division_params": {
      "1": {
        "base_goals": 3.81875,
        "dispersion_k": 3.0,
        "base_draw_rate": 0.025
      }
    }
  },
  "FUTSAL MASCULINO": {
    "sport_type": "futsal",
    "base_goals": 3.259259259259259,
    "base_goals_std": 2.718944865144973,
    "dispersion_k": 3.0,
    "base_draw_rate": 0.11728395061728394,
    "draw_elo_sensitivity": 0.0014460790854069257,
    "draw_multiplier": 1.4,
    "draw_model": {
      "intercept": -1.6856594907136129,
      "coef_linear": -0.0014460790854069257,
      "coef_quadratic": -1.2218065872858443e-05
    },
    "margin_elo_slope": 0.003584908375730683,
    "margin_elo_intercept": 3.1586941099505474,
    "elo_adjustment_limit": 1.2,
    "division_params": {
      "1": {
        "base_goals": 3.080508474576271,
        "dispersion_k": 4.439368359161734,
        "base_draw_rate": 0.11016949152542373
      },
      "2": {
        "base_goals": 3.3616504854368934,
        "dispersion_k": 3.0,
        "base_draw_rate": 0.12135922330097088
      }
    }
  },
  "VOLEIBOL FEMININO": {
    "sport_type": "volei",
    "base_goals": 1.1476014760147601,
    "base_goals_std": 0.9113793547494392,
    "dispersion_k": 10.0,
    "base_draw_rate": 0.0,
    "draw_elo_sensitivity": 0.0,
    "draw_multiplier": 1.0,
    "draw_model": {
      "intercept": 0.0,
      "coef_linear": 0.0,
      "coef_quadratic": 0.0
    },
    "margin_elo_slope": 0.0008945599223895945,
    "margin_elo_intercept": 1.5988164543607368,
    "elo_adjustment_limit": 0.5,
    "p_sweep_base": 0.705,
    "division_params": {
      "1": {
        "base_goals": 1.1206896551724137,
        "dispersion_k": 10.0,
        "base_draw_rate": 0.0
      },
      "2": {
        "base_goals": 1.167741935483871,
        "dispersion_k": 10.0,
        "base_draw_rate": 0.0
      }
    }
  },
  "VOLEIBOL MASCULINO": {
    "sport_type": "volei",
    "base_goals": 1.1472491909385114,
    "base_goals_std": 0.9116295765438078,
    "dispersion_k": 10.0,
    "base_draw_rate": 0.0,
    "draw_elo_sensitivity": 0.0,
    "draw_multiplier": 1.0,
    "draw_model": {
      "intercept": 0.0,
      "coef_linear": 0.0,
      "coef_quadratic": 0.0
    },
    "margin_elo_slope": 0.00017187106786750576,
    "margin_elo_intercept": 1.6814808286830871,
    "elo_adjustment_limit": 0.5,
    "p_sweep_base": 0.706,
    "division_params": {
      "1": {
        "base_goals": 1.1416666666666666,
        "dispersion_k": 10.0,
        "base_draw_rate": 0.0
      },
      "2": {
        "base_goals": 1.1507936507936507,
        "dispersion_k": 10.0,
        "base_draw_rate": 0.0
      }
    }
  }
}