{
  "ANDEBOL MISTO": {
    "sport_type": "andebol",
    "base_goals": 20.594827586206897,
    "base_goals_std": 7.003256773105182,
    "dispersion_k": 14.908095857121586,
    "base_draw_rate": 0.04597701149425287,
    "draw_elo_sensitivity": 0.008968131798128437,
    "draw_multiplier": 1.4,
    "draw_model": {
      "intercept": -2.31209175561292,
      "coef_linear": -0.008968131798128437,
      "coef_quadratic": 6.408862665296841e-06
    },
    "margin_elo_slope": 0.014113425173742459,
    "margin_elo_intercept": 5.7253395781554355,
    "division_params": {
      "1": {
        "base_goals": 22.644444444444446,
        "dispersion_k": 18.001629638618972,
        "base_draw_rate": 0.05555555555555555
      },
      "2": {
        "base_goals": 18.398809523809526,
        "dispersion_k": 17.731761636010347,
        "base_draw_rate": 0.03571428571428571
      }
    }
  },
  "BASQUETEBOL FEMININO": {
    "sport_type": "basquete",
    "base_goals": 8.52112676056338,
    "base_goals_std": 6.304166194388198,
    "dispersion_k": 2.325636806089448,
    "base_draw_rate": 0.0,
    "draw_elo_sensitivity": 0.0,
    "draw_multiplier": 1.0,
    "draw_model": {
      "intercept": 0.0,
      "coef_linear": 0.0,
      "coef_quadratic": 0.0
    },
    "margin_elo_slope": 0.013230153191310198,
    "margin_elo_intercept": 7.210677116951221,
    "division_params": {
      "1": {
        "base_goals": 8.52112676056338,
        "dispersion_k": 2.325636806089448,
        "base_draw_rate": 0.0
      }
    }
  },
  "BASQUETEBOL MASCULINO": {
    "sport_type": "basquete",
    "base_goals": 9.491978609625669,
    "base_goals_std": 4.670271189502776,
    "dispersion_k": 7.313445481535473,
    "base_draw_rate": 0.0,
    "draw_elo_sensitivity": 0.0,
    "draw_multiplier": 1.0,
    "draw_model": {
      "intercept": 0.0,
      "coef_linear": 0.0,
      "coef_quadratic": 0.0
    },
    "margin_elo_slope": 0.0037058953127778985,
    "margin_elo_intercept": 4.951630335257674,
    "division_params": {
      "1": {
        "base_goals": 10.446666666666667,
        "dispersion_k": 10.740904855846832,
        "base_draw_rate": 0.0
      },
      "2": {
        "base_goals": 8.852678571428571,
        "dispersion_k": 6.1485151301459915,
        "base_draw_rate": 0.0
      }
    }
  },
  "FUTEBOL DE 7 MASCULINO": {
    "sport_type": "futebol7",
    "base_goals": 2.414141414141414,
    "base_goals_std": 2.095016217049169,
    "dispersion_k": 2.9509983726396802,
    "base_draw_rate": 0.12121212121212122,
    "draw_elo_sensitivity": 7.750239028810585e-05,
    "draw_multiplier": 1.4,
    "draw_model": {
      "intercept": -1.7380720082395336,
      "coef_linear": 7.750239028810585e-05,
      "coef_quadratic": -1.4163345258656942e-05
    },
    "margin_elo_slope": 0.0025991534215799687,
    "margin_elo_intercept": 2.6281285455011574,
    "division_params": {
      "1": {
        "base_goals": 2.381720430107527,
        "dispersion_k": 2.6991761453505165,
        "base_draw_rate": 0.12903225806451613
      },
      "2": {
        "base_goals": 2.442857142857143,
        "dispersion_k": 3.2066016010527467,
        "base_draw_rate": 0.11428571428571428
      }
    }
  },
  "FUTSAL FEMININO": {
    "sport_type": "futsal",
    "base_goals": 3.8484848484848486,
    "base_goals_std": 3.8207663210504594,
    "dispersion_k": 1.3777815743390427,
    "base_draw_rate": 0.015151515151515152,
    "draw_elo_sensitivity": 370.29064381796366,
    "draw_multiplier": 1.4,
    "draw_model": {
      "intercept": -18589.40333800658,
      "coef_linear": 370.29064381796366,
      "coef_quadratic": -1.8416209319417463
    },
    "margin_elo_slope": 0.0003574446892483798,
    "margin_elo_intercept": 5.410222406160786,
    "division_params": {
      "1": {
        "base_goals": 3.8484848484848486,
        "dispersion_k": 1.3777815743390427,
        "base_draw_rate": 0.015151515151515152
      }
    }
  },
  "FUTSAL MASCULINO": {
    "sport_type": "futsal",
    "base_goals": 3.150557620817844,
    "base_goals_std": 2.4368625208584502,
    "dispersion_k": 3.56059338575651,
    "base_draw_rate": 0.12267657992565056,
    "draw_elo_sensitivity": 0.0017944152965222533,
    "draw_multiplier": 1.4,
    "draw_model": {
      "intercept": -1.6624099827041072,
      "coef_linear": -0.0017944152965222533,
      "coef_quadratic": -7.779284425401188e-06
    },
    "margin_elo_slope": 0.002448738174027257,
    "margin_elo_intercept": 3.1593182239325426,
    "division_params": {
      "1": {
        "base_goals": 3.0757575757575757,
        "dispersion_k": 3.978086687904239,
        "base_draw_rate": 0.10101010101010101
      },
      "2": {
        "base_goals": 3.1941176470588237,
        "dispersion_k": 3.3769971710322877,
        "base_draw_rate": 0.13529411764705881
      }
    }
  },
  "VOLEIBOL FEMININO": {
    "sport_type": "volei",
    "base_goals": 1.1474358974358974,
    "base_goals_std": 0.9114969877686784,
    "dispersion_k": 10.0,
    "base_draw_rate": 0.0,
    "draw_elo_sensitivity": 0.0,
    "draw_multiplier": 1.0,
    "draw_model": {
      "intercept": 0.0,
      "coef_linear": 0.0,
      "coef_quadratic": 0.0
    },
    "margin_elo_slope": 0.0007527703489989663,
    "margin_elo_intercept": 1.6197048553533395,
    "division_params": {
      "1": {
        "base_goals": 1.1201923076923077,
        "dispersion_k": 10.0,
        "base_draw_rate": 0.0
      },
      "2": {
        "base_goals": 1.1692307692307693,
        "dispersion_k": 10.0,
        "base_draw_rate": 0.0
      }
    }
  },
  "VOLEIBOL MASCULINO": {
    "sport_type": "volei",
    "base_goals": 1.140625,
    "base_goals_std": 0.9162966819622343,
    "dispersion_k": 10.0,
    "base_draw_rate": 0.0,
    "draw_elo_sensitivity": 0.0,
    "draw_multiplier": 1.0,
    "draw_model": {
      "intercept": 0.0,
      "coef_linear": 0.0,
      "coef_quadratic": 0.0
    },
    "margin_elo_slope": 0.00026697880230891637,
    "margin_elo_intercept": 1.6854454372979093,
    "division_params": {
      "1": {
        "base_goals": 1.1310679611650485,
        "dispersion_k": 10.0,
        "base_draw_rate": 0.0
      },
      "2": {
        "base_goals": 1.1470588235294117,
        "dispersion_k": 10.0,
        "base_draw_rate": 0.0
      }
    }
  }
}