{
  "ANDEBOL MISTO": {
    "sport_type": "andebol",
    "base_goals": 20.423645320197043,
    "base_goals_std": 6.8906184892825575,
    "dispersion_k": 15.416551344360622,
    "base_draw_rate": 0.04433497536945813,
    "draw_elo_sensitivity": 0.006365802520042504,
    "draw_multiplier": 1.4,
    "draw_model": {
      "intercept": -2.4508880840127603,
      "coef_linear": -0.006365802520042504,
      "coef_quadratic": -1.042986683131312e-06
    },
    "margin_elo_slope": 0.010001132263953183,
    "margin_elo_intercept": 6.0926938162092625,
    "elo_adjustment_limit": 0.45,
    "division_params": {
      "1": {
        "base_goals": 22.65463917525773,
        "dispersion_k": 22.573176332553086,
        "base_draw_rate": 0.061855670103092786
      },
      "2": {
        "base_goals": 18.382075471698112,
        "dispersion_k": 15.16066909517815,
        "base_draw_rate": 0.02830188679245283
      }
    }
  },
  "BASQUETEBOL FEMININO": {
    "sport_type": "basquete",
    "base_goals": 8.734939759036145,
    "base_goals_std": 6.088868645480307,
    "dispersion_k": 3.0,
    "base_draw_rate": 0.0,
    "draw_elo_sensitivity": 0.0,
    "draw_multiplier": 1.0,
    "draw_model": {
      "intercept": 0.0,
      "coef_linear": 0.0,
      "coef_quadratic": 0.0
    },
    "margin_elo_slope": 0.01309720065795051,
    "margin_elo_intercept": 6.60969893131053,
    "elo_adjustment_limit": 0.5,
    "base_score": 8.734939759036145,
    "sigma": 6.088868645480307,
    "division_params": {
      "1": {
        "base_goals": 8.734939759036145,
        "dispersion_k": 3.0,
        "base_draw_rate": 0.0
      }
    }
  },
  "BASQUETEBOL MASCULINO": {
    "sport_type": "basquete",
    "base_goals": 9.601626016260163,
    "base_goals_std": 4.609092881844485,
    "dispersion_k": 7.918771840677665,
    "base_draw_rate": 0.0,
    "draw_elo_sensitivity": 0.0,
    "draw_multiplier": 1.0,
    "draw_model": {
      "intercept": 0.0,
      "coef_linear": 0.0,
      "coef_quadratic": 0.0
    },
    "margin_elo_slope": 0.0020353446595346818,
    "margin_elo_intercept": 5.177820395978797,
    "elo_adjustment_limit": 0.5,
    "base_score": 9.601626016260163,
    "sigma": 4.609092881844485,
    "division_params": {
      "1": {
        "base_goals": 10.154205607476635,
        "dispersion_k": 11.534821173384014,
        "base_draw_rate": 0.0
      },
      "2": {
        "base_goals": 9.176258992805755,
        "dispersion_k": 6.327747434664528,
        "base_draw_rate": 0.0
      }
    }
  },
  "FUTEBOL DE 7 MASCULINO": {
    "sport_type": "futebol7",
    "base_goals": 2.4441964285714284,
    "base_goals_std": 2.096236482362437,
    "dispersion_k": 3.063621846055574,
    "base_draw_rate": 0.11160714285714286,
    "draw_elo_sensitivity": 7.975590123129892e-05,
    "draw_multiplier": 1.4,
    "draw_model": {
      "intercept": -1.8157467012652917,
      "coef_linear": 7.975590123129892e-05,
      "coef_quadratic": -1.4577799973947416e-05
    },
    "margin_elo_slope": 0.002777945529011794,
    "margin_elo_intercept": 2.6360769969915983,
    "elo_adjustment_limit": 1.0,
    "division_params": {
      "1": {
        "base_goals": 2.3640776699029127,
        "dispersion_k": 3.0,
        "base_draw_rate": 0.11650485436893204
      },
      "2": {
        "base_goals": 2.512396694214876,
        "dispersion_k": 3.436816660468577,
        "base_draw_rate": 0.10743801652892562
      }
    }
  },
  "FUTSAL FEMININO": {
    "sport_type": "futsal",
    "base_goals": 3.81875,
    "base_goals_std": 3.8011048969345747,
    "dispersion_k": 3.0,
    "base_draw_rate": 0.025,
    "draw_elo_sensitivity": 0.001,
    "draw_multiplier": 1.4,
    "draw_model": {
      "intercept": 0.0,
      "coef_linear": 0.0,
      "coef_quadratic": 0.0
    },
    "margin_elo_slope": 5.036318783367239e-07,
    "margin_elo_intercept": 5.397380472102005,
    "elo_adjustment_limit": 1.2,
    "division_params": {
      "1": {
        "base_goals": 3.81875,
        "dispersion_k": 3.0,
        "base_draw_rate": 0.025
      }
    }
  },
  "FUTSAL MASCULINO": {
    "sport_type": "futsal",
    "base_goals": 3.2576219512195124,
    "base_goals_std": 2.717227640850334,
    "dispersion_k": 3.0,
    "base_draw_rate": 0.11585365853658537,
    "draw_elo_sensitivity": 0.0017069453166363576,
    "draw_multiplier": 1.4,
    "draw_model": {
      "intercept": -1.682669127451905,
      "coef_linear": -0.0017069453166363576,
      "coef_quadratic": -1.1482824196098607e-05
    },
    "margin_elo_slope": 0.0031479357729561923,
    "margin_elo_intercept": 3.2054332102196454,
    "elo_adjustment_limit": 1.2,
    "division_params": {
      "1": {
        "base_goals": 3.0661157024793386,
        "dispersion_k": 4.400991207034374,
        "base_draw_rate": 0.10743801652892562
      },
      "2": {
        "base_goals": 3.369565217391304,
        "dispersion_k": 3.0,
        "base_draw_rate": 0.12077294685990338
      }
    }
  },
  "VOLEIBOL FEMININO": {
    "sport_type": "volei",
    "base_goals": 1.1436170212765957,
    "base_goals_std": 0.9141975333170845,
    "dispersion_k": 10.0,
    "base_draw_rate": 0.0,
    "draw_elo_sensitivity": 0.0,
    "draw_multiplier": 1.0,
    "draw_model": {
      "intercept": 0.0,
      "coef_linear": 0.0,
      "coef_quadratic": 0.0
    },
    "margin_elo_slope": 0.0008860565296498989,
    "margin_elo_intercept": 1.607501184906628,
    "elo_adjustment_limit": 0.5,
    "p_sweep_base": 0.713,
    "division_params": {
      "1": {
        "base_goals": 1.1188524590163935,
        "dispersion_k": 10.0,
        "base_draw_rate": 0.0
      },
      "2": {
        "base_goals": 1.1625,
        "dispersion_k": 10.0,
        "base_draw_rate": 0.0
      }
    }
  },
  "VOLEIBOL MASCULINO": {
    "sport_type": "volei",
    "base_goals": 1.1472491909385114,
    "base_goals_std": 0.9116295765438079,
    "dispersion_k": 10.0,
    "base_draw_rate": 0.0,
    "draw_elo_sensitivity": 0.0,
    "draw_multiplier": 1.0,
    "draw_model": {
      "intercept": 0.0,
      "coef_linear": 0.0,
      "coef_quadratic": 0.0
    },
    "margin_elo_slope": 0.00037454520044743247,
    "margin_elo_intercept": 1.6562143788330308,
    "elo_adjustment_limit": 0.5,
    "p_sweep_base": 0.706,
    "division_params": {
      "1": {
        "base_goals": 1.1416666666666666,
        "dispersion_k": 10.0,
        "base_draw_rate": 0.0
      },
      "2": {
        "base_goals": 1.1507936507936507,
        "dispersion_k": 10.0,
        "base_draw_rate": 0.0
      }
    }
  }
}