{
  "ANDEBOL MISTO": {
    "sport_type": "andebol",
    "base_goals": 20.452153110047846,
    "base_goals_std": 6.88169735763001,
    "dispersion_k": 15.546595604603644,
    "base_draw_rate": 0.04784688995215311,
    "draw_elo_sensitivity": 0.0024484827882546895,
    "draw_multiplier": 1.4,
    "draw_model": {
      "intercept": -2.567265502487324,
      "coef_linear": -0.0024484827882546895,
      "coef_quadratic": -9.469620119204911e-06
    },
    "margin_elo_slope": 0.011245878385461464,
    "margin_elo_intercept": 5.974018419248173,
    "elo_adjustment_limit": 0.45,
    "division_params": {
      "1": {
        "base_goals": 22.58252427184466,
        "dispersion_k": 22.456546102057928,
        "base_draw_rate": 0.06796116504854369
      },
      "2": {
        "base_goals": 18.382075471698112,
        "dispersion_k": 15.16066909517815,
        "base_draw_rate": 0.02830188679245283
      }
    }
  },
  "BASQUETEBOL FEMININO": {
    "sport_type": "basquete",
    "base_goals": 8.734939759036145,
    "base_goals_std": 6.088868645480307,
    "dispersion_k": 3.0,
    "base_draw_rate": 0.0,
    "draw_elo_sensitivity": 0.0,
    "draw_multiplier": 1.0,
    "draw_model": {
      "intercept": 0.0,
      "coef_linear": 0.0,
      "coef_quadratic": 0.0
    },
    "margin_elo_slope": 0.01309720065795051,
    "margin_elo_intercept": 6.60969893131053,
    "elo_adjustment_limit": 0.5,
    "base_score": 8.734939759036145,
    "sigma": 6.088868645480307,
    "division_params": {
      "1": {
        "base_goals": 8.734939759036145,
        "dispersion_k": 3.0,
        "base_draw_rate": 0.0
      }
    }
  },
  "BASQUETEBOL MASCULINO": {
    "sport_type": "basquete",
    "base_goals": 9.601626016260163,
    "base_goals_std": 4.609092881844485,
    "dispersion_k": 7.9187718406776675,
    "base_draw_rate": 0.0,
    "draw_elo_sensitivity": 0.0,
    "draw_multiplier": 1.0,
    "draw_model": {
      "intercept": 0.0,
      "coef_linear": 0.0,
      "coef_quadratic": 0.0
    },
    "margin_elo_slope": 0.004401423447778185,
    "margin_elo_intercept": 4.906309155850424,
    "elo_adjustment_limit": 0.5,
    "base_score": 9.601626016260163,
    "sigma": 4.609092881844485,
    "division_params": {
      "1": {
        "base_goals": 10.154205607476635,
        "dispersion_k": 11.53482117338402,
        "base_draw_rate": 0.0
      },
      "2": {
        "base_goals": 9.176258992805755,
        "dispersion_k": 6.327747434664528,
        "base_draw_rate": 0.0
      }
    }
  },
  "FUTEBOL DE 7 MASCULINO": {
    "sport_type": "futebol7",
    "base_goals": 2.4441964285714284,
    "base_goals_std": 2.0962364823624373,
    "dispersion_k": 3.063621846055572,
    "base_draw_rate": 0.11160714285714286,
    "draw_elo_sensitivity": 0.002846774243881865,
    "draw_multiplier": 1.4,
    "draw_model": {
      "intercept": -1.988728255467165,
      "coef_linear": 0.002846774243881865,
      "coef_quadratic": -1.9010274005822e-05
    },
    "margin_elo_slope": 0.0029627531624543614,
    "margin_elo_intercept": 2.60231897201835,
    "elo_adjustment_limit": 1.0,
    "division_params": {
      "1": {
        "base_goals": 2.3640776699029127,
        "dispersion_k": 3.0,
        "base_draw_rate": 0.11650485436893204
      },
      "2": {
        "base_goals": 2.512396694214876,
        "dispersion_k": 3.436816660468577,
        "base_draw_rate": 0.10743801652892562
      }
    }
  },
  "FUTSAL FEMININO": {
    "sport_type": "futsal",
    "base_goals": 3.81875,
    "base_goals_std": 3.8011048969345747,
    "dispersion_k": 3.0,
    "base_draw_rate": 0.025,
    "draw_elo_sensitivity": 0.001,
    "draw_multiplier": 1.4,
    "draw_model": {
      "intercept": 0.0,
      "coef_linear": 0.0,
      "coef_quadratic": 0.0
    },
    "margin_elo_slope": 5.036318783367239e-07,
    "margin_elo_intercept": 5.397380472102005,
    "elo_adjustment_limit": 1.2,
    "division_params": {
      "1": {
        "base_goals": 3.81875,
        "dispersion_k": 3.0,
        "base_draw_rate": 0.025
      }
    }
  },
  "FUTSAL MASCULINO": {
    "sport_type": "futsal",
    "base_goals": 3.2576219512195124,
    "base_goals_std": 2.717227640850334,
    "dispersion_k": 3.0,
    "base_draw_rate": 0.11585365853658537,
    "draw_elo_sensitivity": 0.0017069453166365474,
    "draw_multiplier": 1.4,
    "draw_model": {
      "intercept": -1.6826691274518981,
      "coef_linear": -0.0017069453166365474,
      "coef_quadratic": -1.1482824196097838e-05
    },
    "margin_elo_slope": 0.003147935772956191,
    "margin_elo_intercept": 3.2054332102196454,
    "elo_adjustment_limit": 1.2,
    "division_params": {
      "1": {
        "base_goals": 3.0661157024793386,
        "dispersion_k": 4.400991207034374,
        "base_draw_rate": 0.10743801652892562
      },
      "2": {
        "base_goals": 3.369565217391304,
        "dispersion_k": 3.0,
        "base_draw_rate": 0.12077294685990338
      }
    }
  },
  "VOLEIBOL FEMININO": {
    "sport_type": "volei",
    "base_goals": 1.1436170212765957,
    "base_goals_std": 0.9141975333170845,
    "dispersion_k": 10.0,
    "base_draw_rate": 0.0,
    "draw_elo_sensitivity": 0.0,
    "draw_multiplier": 1.0,
    "draw_model": {
      "intercept": 0.0,
      "coef_linear": 0.0,
      "coef_quadratic": 0.0
    },
    "margin_elo_slope": 0.0008860565296498981,
    "margin_elo_intercept": 1.607501184906628,
    "elo_adjustment_limit": 0.5,
    "p_sweep_base": 0.713,
    "division_params": {
      "1": {
        "base_goals": 1.1188524590163935,
        "dispersion_k": 10.0,
        "base_draw_rate": 0.0
      },
      "2": {
        "base_goals": 1.1625,
        "dispersion_k": 10.0,
        "base_draw_rate": 0.0
      }
    }
  },
  "VOLEIBOL MASCULINO": {
    "sport_type": "volei",
    "base_goals": 1.1472491909385114,
    "base_goals_std": 0.9116295765438078,
    "dispersion_k": 10.0,
    "base_draw_rate": 0.0,
    "draw_elo_sensitivity": 0.0,
    "draw_multiplier": 1.0,
    "draw_model": {
      "intercept": 0.0,
      "coef_linear": 0.0,
      "coef_quadratic": 0.0
    },
    "margin_elo_slope": 0.0001718710678675056,
    "margin_elo_intercept": 1.6814808286830871,
    "elo_adjustment_limit": 0.5,
    "p_sweep_base": 0.706,
    "division_params": {
      "1": {
        "base_goals": 1.1416666666666666,
        "dispersion_k": 10.0,
        "base_draw_rate": 0.0
      },
      "2": {
        "base_goals": 1.1507936507936507,
        "dispersion_k": 10.0,
        "base_draw_rate": 0.0
      }
    }
  }
}