{
  "ANDEBOL MISTO": {
    "sport_type": "andebol",
    "base_goals": 20.448837209302326,
    "base_goals_std": 6.8699504785806385,
    "dispersion_k": 15.633490314908776,
    "base_draw_rate": 0.046511627906976744,
    "draw_elo_sensitivity": 0.0032244809238878972,
    "draw_multiplier": 1.4,
    "draw_model": {
      "intercept": -2.5616624693827474,
      "coef_linear": -0.0032244809238878972,
      "coef_quadratic": -7.12757846272353e-06
    },
    "margin_elo_slope": 0.011656772421804256,
    "margin_elo_intercept": 5.930507464894208,
    "elo_adjustment_limit": 0.45,
    "division_params": {
      "1": {
        "base_goals": 22.58252427184466,
        "dispersion_k": 22.456546102057928,
        "base_draw_rate": 0.06796116504854369
      },
      "2": {
        "base_goals": 18.486607142857142,
        "dispersion_k": 15.240623636284447,
        "base_draw_rate": 0.026785714285714284
      }
    }
  },
  "BASQUETEBOL FEMININO": {
    "sport_type": "basquete",
    "base_goals": 8.702380952380953,
    "base_goals_std": 6.060763274862573,
    "dispersion_k": 3.0,
    "base_draw_rate": 0.0,
    "draw_elo_sensitivity": 0.0,
    "draw_multiplier": 1.0,
    "draw_model": {
      "intercept": 0.0,
      "coef_linear": 0.0,
      "coef_quadratic": 0.0
    },
    "margin_elo_slope": 0.011905243138932,
    "margin_elo_intercept": 6.66944157532932,
    "elo_adjustment_limit": 0.5,
    "base_score": 8.702380952380953,
    "sigma": 6.060763274862573,
    "division_params": {
      "1": {
        "base_goals": 8.702380952380953,
        "dispersion_k": 3.0,
        "base_draw_rate": 0.0
      }
    }
  },
  "BASQUETEBOL MASCULINO": {
    "sport_type": "basquete",
    "base_goals": 9.601626016260163,
    "base_goals_std": 4.609092881844485,
    "dispersion_k": 7.9187718406776675,
    "base_draw_rate": 0.0,
    "draw_elo_sensitivity": 0.0,
    "draw_multiplier": 1.0,
    "draw_model": {
      "intercept": 0.0,
      "coef_linear": 0.0,
      "coef_quadratic": 0.0
    },
    "margin_elo_slope": 0.004401423447778185,
    "margin_elo_intercept": 4.906309155850424,
    "elo_adjustment_limit": 0.5,
    "base_score": 9.601626016260163,
    "sigma": 4.609092881844485,
    "division_params": {
      "1": {
        "base_goals": 10.154205607476635,
        "dispersion_k": 11.53482117338402,
        "base_draw_rate": 0.0
      },
      "2": {
        "base_goals": 9.176258992805755,
        "dispersion_k": 6.327747434664528,
        "base_draw_rate": 0.0
      }
    }
  },
  "FUTEBOL DE 7 MASCULINO": {
    "sport_type": "futebol7",
    "base_goals": 2.4344978165938866,
    "base_goals_std": 2.0972715350942592,
    "dispersion_k": 3.0176316242988257,
    "base_draw_rate": 0.1091703056768559,
    "draw_elo_sensitivity": 0.0016211954969397393,
    "draw_multiplier": 1.4,
    "draw_model": {
      "intercept": -1.9849057433094666,
      "coef_linear": 0.0016211954969397393,
      "coef_quadratic": -1.3311227002481604e-05
    },
    "margin_elo_slope": 0.002543098918748455,
    "margin_elo_intercept": 2.623827906619375,
    "elo_adjustment_limit": 1.0,
    "division_params": {
      "1": {
        "base_goals": 2.380952380952381,
        "dispersion_k": 3.0,
        "base_draw_rate": 0.11428571428571428
      },
      "2": {
        "base_goals": 2.4798387096774195,
        "dispersion_k": 3.3823542562800144,
        "base_draw_rate": 0.10483870967741936
      }
    }
  },
  "FUTSAL FEMININO": {
    "sport_type": "futsal",
    "base_goals": 3.738095238095238,
    "base_goals_std": 3.7324798587121153,
    "dispersion_k": 3.0,
    "base_draw_rate": 0.03571428571428571,
    "draw_elo_sensitivity": 0.001,
    "draw_multiplier": 1.4,
    "draw_model": {
      "intercept": 0.0,
      "coef_linear": 0.0,
      "coef_quadratic": 0.0
    },
    "margin_elo_slope": -0.000497597355856086,
    "margin_elo_intercept": 5.315113026659797,
    "elo_adjustment_limit": 1.2,
    "division_params": {
      "1": {
        "base_goals": 3.738095238095238,
        "dispersion_k": 3.0,
        "base_draw_rate": 0.03571428571428571
      }
    }
  },
  "FUTSAL MASCULINO": {
    "sport_type": "futsal",
    "base_goals": 3.25975975975976,
    "base_goals_std": 2.7113546035383256,
    "dispersion_k": 3.0,
    "base_draw_rate": 0.11411411411411411,
    "draw_elo_sensitivity": 0.0018989186120663333,
    "draw_multiplier": 1.4,
    "draw_model": {
      "intercept": -1.6945374983751962,
      "coef_linear": -0.0018989186120663333,
      "coef_quadratic": -1.0698258951642081e-05
    },
    "margin_elo_slope": 0.0031084911300997943,
    "margin_elo_intercept": 3.2047928196064417,
    "elo_adjustment_limit": 1.2,
    "division_params": {
      "1": {
        "base_goals": 3.0737704918032787,
        "dispersion_k": 4.444672714055437,
        "base_draw_rate": 0.10655737704918032
      },
      "2": {
        "base_goals": 3.367298578199052,
        "dispersion_k": 3.0,
        "base_draw_rate": 0.11848341232227488
      }
    }
  },
  "VOLEIBOL FEMININO": {
    "sport_type": "volei",
    "base_goals": 1.1436170212765957,
    "base_goals_std": 0.9141975333170845,
    "dispersion_k": 10.0,
    "base_draw_rate": 0.0,
    "draw_elo_sensitivity": 0.0,
    "draw_multiplier": 1.0,
    "draw_model": {
      "intercept": 0.0,
      "coef_linear": 0.0,
      "coef_quadratic": 0.0
    },
    "margin_elo_slope": 0.0008860565296498981,
    "margin_elo_intercept": 1.607501184906628,
    "elo_adjustment_limit": 0.5,
    "p_sweep_base": 0.713,
    "division_params": {
      "1": {
        "base_goals": 1.1188524590163935,
        "dispersion_k": 10.0,
        "base_draw_rate": 0.0
      },
      "2": {
        "base_goals": 1.1625,
        "dispersion_k": 10.0,
        "base_draw_rate": 0.0
      }
    }
  },
  "VOLEIBOL MASCULINO": {
    "sport_type": "volei",
    "base_goals": 1.1472491909385114,
    "base_goals_std": 0.9116295765438078,
    "dispersion_k": 10.0,
    "base_draw_rate": 0.0,
    "draw_elo_sensitivity": 0.0,
    "draw_multiplier": 1.0,
    "draw_model": {
      "intercept": 0.0,
      "coef_linear": 0.0,
      "coef_quadratic": 0.0
    },
    "margin_elo_slope": 0.0001718710678675056,
    "margin_elo_intercept": 1.6814808286830871,
    "elo_adjustment_limit": 0.5,
    "p_sweep_base": 0.706,
    "division_params": {
      "1": {
        "base_goals": 1.1416666666666666,
        "dispersion_k": 10.0,
        "base_draw_rate": 0.0
      },
      "2": {
        "base_goals": 1.1507936507936507,
        "dispersion_k": 10.0,
        "base_draw_rate": 0.0
      }
    }
  }
}