{
  "ANDEBOL MISTO": {
    "sport_type": "andebol",
    "base_goals": 20.583333333333332,
    "base_goals_std": 6.820278858206877,
    "dispersion_k": 16.337320360617692,
    "base_draw_rate": 0.05092592592592592,
    "draw_elo_sensitivity": 0.0031642232380643173,
    "draw_multiplier": 1.4,
    "draw_model": {
      "intercept": -2.4171771332304184,
      "coef_linear": -0.0031642232380643173,
      "coef_quadratic": -1.076519568790516e-05
    },
    "margin_elo_slope": 0.012099032061538907,
    "margin_elo_intercept": 5.745992907971726,
    "elo_adjustment_limit": 0.45,
    "division_params": {
      "1": {
        "base_goals": 22.527522935779817,
        "dispersion_k": 22.898985122921754,
        "base_draw_rate": 0.07339449541284404
      },
      "2": {
        "base_goals": 18.602803738317757,
        "dispersion_k": 15.729399551194314,
        "base_draw_rate": 0.028037383177570093
      }
    }
  },
  "BASQUETEBOL FEMININO": {
    "sport_type": "basquete",
    "base_goals": 8.702380952380953,
    "base_goals_std": 6.060763274862573,
    "dispersion_k": 3.0,
    "base_draw_rate": 0.0,
    "draw_elo_sensitivity": 0.0,
    "draw_multiplier": 1.0,
    "draw_model": {
      "intercept": 0.0,
      "coef_linear": 0.0,
      "coef_quadratic": 0.0
    },
    "margin_elo_slope": 0.011905243138932,
    "margin_elo_intercept": 6.66944157532932,
    "elo_adjustment_limit": 0.5,
    "base_score": 8.702380952380953,
    "sigma": 6.060763274862573,
    "division_params": {
      "1": {
        "base_goals": 8.702380952380953,
        "dispersion_k": 3.0,
        "base_draw_rate": 0.0
      }
    }
  },
  "BASQUETEBOL MASCULINO": {
    "sport_type": "basquete",
    "base_goals": 9.601626016260163,
    "base_goals_std": 4.609092881844485,
    "dispersion_k": 7.9187718406776675,
    "base_draw_rate": 0.0,
    "draw_elo_sensitivity": 0.0,
    "draw_multiplier": 1.0,
    "draw_model": {
      "intercept": 0.0,
      "coef_linear": 0.0,
      "coef_quadratic": 0.0
    },
    "margin_elo_slope": 0.004401423447778185,
    "margin_elo_intercept": 4.906309155850424,
    "elo_adjustment_limit": 0.5,
    "base_score": 9.601626016260163,
    "sigma": 4.609092881844485,
    "division_params": {
      "1": {
        "base_goals": 10.154205607476635,
        "dispersion_k": 11.53482117338402,
        "base_draw_rate": 0.0
      },
      "2": {
        "base_goals": 9.176258992805755,
        "dispersion_k": 6.327747434664528,
        "base_draw_rate": 0.0
      }
    }
  },
  "FUTEBOL DE 7 MASCULINO": {
    "sport_type": "futebol7",
    "base_goals": 2.4939759036144578,
    "base_goals_std": 2.228188310716521,
    "dispersion_k": 3.0,
    "base_draw_rate": 0.10441767068273092,
    "draw_elo_sensitivity": 0.009266976236748062,
    "draw_multiplier": 1.4,
    "draw_model": {
      "intercept": -2.4022648188760054,
      "coef_linear": 0.009266976236748062,
      "coef_quadratic": -3.784150766909947e-05
    },
    "margin_elo_slope": 0.002590143026435428,
    "margin_elo_intercept": 2.719836958714186,
    "elo_adjustment_limit": 1.0,
    "division_params": {
      "1": {
        "base_goals": 2.3584070796460175,
        "dispersion_k": 3.0,
        "base_draw_rate": 0.10619469026548672
      },
      "2": {
        "base_goals": 2.6066176470588234,
        "dispersion_k": 3.0,
        "base_draw_rate": 0.10294117647058823
      }
    }
  },
  "FUTSAL FEMININO": {
    "sport_type": "futsal",
    "base_goals": 3.758426966292135,
    "base_goals_std": 3.863261386031356,
    "dispersion_k": 3.0,
    "base_draw_rate": 0.033707865168539325,
    "draw_elo_sensitivity": 0.001,
    "draw_multiplier": 1.4,
    "draw_model": {
      "intercept": 0.0,
      "coef_linear": 0.0,
      "coef_quadratic": 0.0
    },
    "margin_elo_slope": 9.215852049658139e-05,
    "margin_elo_intercept": 5.534829999628683,
    "elo_adjustment_limit": 1.2,
    "division_params": {
      "1": {
        "base_goals": 3.758426966292135,
        "dispersion_k": 3.0,
        "base_draw_rate": 0.033707865168539325
      }
    }
  },
  "FUTSAL MASCULINO": {
    "sport_type": "futsal",
    "base_goals": 3.3517520215633425,
    "base_goals_std": 2.798534638305395,
    "dispersion_k": 3.0,
    "base_draw_rate": 0.11320754716981132,
    "draw_elo_sensitivity": 0.0036147230565957453,
    "draw_multiplier": 1.4,
    "draw_model": {
      "intercept": -1.5827010203202108,
      "coef_linear": -0.0036147230565957453,
      "coef_quadratic": -4.102979209733868e-06
    },
    "margin_elo_slope": 0.004832438965775649,
    "margin_elo_intercept": 3.016023811609183,
    "elo_adjustment_limit": 1.2,
    "division_params": {
      "1": {
        "base_goals": 3.164233576642336,
        "dispersion_k": 3.734488257826046,
        "base_draw_rate": 0.10948905109489052
      },
      "2": {
        "base_goals": 3.4615384615384617,
        "dispersion_k": 3.0,
        "base_draw_rate": 0.11538461538461539
      }
    }
  },
  "VOLEIBOL FEMININO": {
    "sport_type": "volei",
    "base_goals": 1.1389776357827477,
    "base_goals_std": 0.9174462278354466,
    "dispersion_k": 10.0,
    "base_draw_rate": 0.0,
    "draw_elo_sensitivity": 0.0,
    "draw_multiplier": 1.0,
    "draw_model": {
      "intercept": 0.0,
      "coef_linear": 0.0,
      "coef_quadratic": 0.0
    },
    "margin_elo_slope": 0.0009629451706650385,
    "margin_elo_intercept": 1.6017473416506571,
    "elo_adjustment_limit": 0.5,
    "p_sweep_base": 0.722,
    "division_params": {
      "1": {
        "base_goals": 1.1119402985074627,
        "dispersion_k": 10.0,
        "base_draw_rate": 0.0
      },
      "2": {
        "base_goals": 1.1592178770949721,
        "dispersion_k": 10.0,
        "base_draw_rate": 0.0
      }
    }
  },
  "VOLEIBOL MASCULINO": {
    "sport_type": "volei",
    "base_goals": 1.1460843373493976,
    "base_goals_std": 0.9124554942745371,
    "dispersion_k": 10.0,
    "base_draw_rate": 0.0,
    "draw_elo_sensitivity": 0.0,
    "draw_multiplier": 1.0,
    "draw_model": {
      "intercept": 0.0,
      "coef_linear": 0.0,
      "coef_quadratic": 0.0
    },
    "margin_elo_slope": 0.0004278844837697869,
    "margin_elo_intercept": 1.6510399705502539,
    "elo_adjustment_limit": 0.5,
    "p_sweep_base": 0.708,
    "division_params": {
      "1": {
        "base_goals": 1.1384615384615384,
        "dispersion_k": 10.0,
        "base_draw_rate": 0.0
      },
      "2": {
        "base_goals": 1.150990099009901,
        "dispersion_k": 10.0,
        "base_draw_rate": 0.0
      }
    }
  }
}