{
  "ANDEBOL MISTO": {
    "sport_type": "andebol",
    "base_goals": 20.521164021164022,
    "base_goals_std": 6.944666159222065,
    "dispersion_k": 15.19885832470935,
    "base_draw_rate": 0.042328042328042326,
    "draw_elo_sensitivity": 0.010428055461576113,
    "draw_multiplier": 1.4,
    "draw_model": {
      "intercept": -2.3411463592032193,
      "coef_linear": -0.010428055461576113,
      "coef_quadratic": 1.0948513481904338e-05
    },
    "margin_elo_slope": 0.0112212840250787,
    "margin_elo_intercept": 5.9053822769479485,
    "elo_adjustment_limit": 0.45,
    "division_params": {
      "1": {
        "base_goals": 22.71195652173913,
        "dispersion_k": 20.93028448293427,
        "base_draw_rate": 0.05434782608695652
      },
      "2": {
        "base_goals": 18.443298969072163,
        "dispersion_k": 15.645343579365194,
        "base_draw_rate": 0.030927835051546393
      }
    }
  },
  "BASQUETEBOL FEMININO": {
    "sport_type": "basquete",
    "base_goals": 8.844155844155845,
    "base_goals_std": 6.21177126184463,
    "dispersion_k": 3.0,
    "base_draw_rate": 0.0,
    "draw_elo_sensitivity": 0.0,
    "draw_multiplier": 1.0,
    "draw_model": {
      "intercept": 0.0,
      "coef_linear": 0.0,
      "coef_quadratic": 0.0
    },
    "margin_elo_slope": 0.013838730210185264,
    "margin_elo_intercept": 6.800766351447862,
    "elo_adjustment_limit": 0.5,
    "base_score": 8.844155844155845,
    "sigma": 6.21177126184463,
    "division_params": {
      "1": {
        "base_goals": 8.844155844155845,
        "dispersion_k": 3.0,
        "base_draw_rate": 0.0
      }
    }
  },
  "BASQUETEBOL MASCULINO": {
    "sport_type": "basquete",
    "base_goals": 9.596638655462185,
    "base_goals_std": 4.633308939254211,
    "dispersion_k": 7.758078332460857,
    "base_draw_rate": 0.0,
    "draw_elo_sensitivity": 0.0,
    "draw_multiplier": 1.0,
    "draw_model": {
      "intercept": 0.0,
      "coef_linear": 0.0,
      "coef_quadratic": 0.0
    },
    "margin_elo_slope": 0.003843609955570795,
    "margin_elo_intercept": 4.989543439069134,
    "elo_adjustment_limit": 0.5,
    "base_score": 9.596638655462185,
    "sigma": 4.633308939254211,
    "division_params": {
      "1": {
        "base_goals": 10.186868686868687,
        "dispersion_k": 11.208920763408832,
        "base_draw_rate": 0.0
      },
      "2": {
        "base_goals": 9.176258992805755,
        "dispersion_k": 6.327747434664528,
        "base_draw_rate": 0.0
      }
    }
  },
  "FUTEBOL DE 7 MASCULINO": {
    "sport_type": "futebol7",
    "base_goals": 2.424170616113744,
    "base_goals_std": 2.077339633264815,
    "dispersion_k": 3.10739131854852,
    "base_draw_rate": 0.11848341232227488,
    "draw_elo_sensitivity": 0.00480095168461325,
    "draw_multiplier": 1.4,
    "draw_model": {
      "intercept": -2.043483144847958,
      "coef_linear": 0.00480095168461325,
      "coef_quadratic": -2.421328316681407e-05
    },
    "margin_elo_slope": 0.00339667249045318,
    "margin_elo_intercept": 2.518477879497036,
    "elo_adjustment_limit": 1.0,
    "division_params": {
      "1": {
        "base_goals": 2.3823529411764706,
        "dispersion_k": 3.0,
        "base_draw_rate": 0.12745098039215685
      },
      "2": {
        "base_goals": 2.463302752293578,
        "dispersion_k": 3.330242172974099,
        "base_draw_rate": 0.11009174311926606
      }
    }
  },
  "FUTSAL FEMININO": {
    "sport_type": "futsal",
    "base_goals": 3.9276315789473686,
    "base_goals_std": 3.8833347946608754,
    "dispersion_k": 3.0,
    "base_draw_rate": 0.02631578947368421,
    "draw_elo_sensitivity": 0.001,
    "draw_multiplier": 1.4,
    "draw_model": {
      "intercept": 0.0,
      "coef_linear": 0.0,
      "coef_quadratic": 0.0
    },
    "margin_elo_slope": 0.00015840539585871397,
    "margin_elo_intercept": 5.347159850957468,
    "elo_adjustment_limit": 1.2,
    "division_params": {
      "1": {
        "base_goals": 3.9276315789473686,
        "dispersion_k": 3.0,
        "base_draw_rate": 0.02631578947368421
      }
    }
  },
  "FUTSAL MASCULINO": {
    "sport_type": "futsal",
    "base_goals": 3.25,
    "base_goals_std": 2.7352886131939265,
    "dispersion_k": 3.0,
    "base_draw_rate": 0.11075949367088607,
    "draw_elo_sensitivity": 0.0014839768571370637,
    "draw_multiplier": 1.4,
    "draw_model": {
      "intercept": -1.7655843308208732,
      "coef_linear": -0.0014839768571370637,
      "coef_quadratic": -1.0396934070425096e-05
    },
    "margin_elo_slope": 0.003431510567614509,
    "margin_elo_intercept": 3.17949014061018,
    "elo_adjustment_limit": 1.2,
    "division_params": {
      "1": {
        "base_goals": 3.06140350877193,
        "dispersion_k": 4.247044876041705,
        "base_draw_rate": 0.09649122807017543
      },
      "2": {
        "base_goals": 3.3564356435643563,
        "dispersion_k": 3.0,
        "base_draw_rate": 0.1188118811881188
      }
    }
  },
  "VOLEIBOL FEMININO": {
    "sport_type": "volei",
    "base_goals": 1.1481481481481481,
    "base_goals_std": 0.9109906574999144,
    "dispersion_k": 10.0,
    "base_draw_rate": 0.0,
    "draw_elo_sensitivity": 0.0,
    "draw_multiplier": 1.0,
    "draw_model": {
      "intercept": 0.0,
      "coef_linear": 0.0,
      "coef_quadratic": 0.0
    },
    "margin_elo_slope": 0.0009050279520326824,
    "margin_elo_intercept": 1.5961997908237326,
    "elo_adjustment_limit": 0.5,
    "p_sweep_base": 0.704,
    "division_params": {
      "1": {
        "base_goals": 1.1206896551724137,
        "dispersion_k": 10.0,
        "base_draw_rate": 0.0
      },
      "2": {
        "base_goals": 1.1688311688311688,
        "dispersion_k": 10.0,
        "base_draw_rate": 0.0
      }
    }
  },
  "VOLEIBOL MASCULINO": {
    "sport_type": "volei",
    "base_goals": 1.1441605839416058,
    "base_goals_std": 0.9138146103537683,
    "dispersion_k": 10.0,
    "base_draw_rate": 0.0,
    "draw_elo_sensitivity": 0.0,
    "draw_multiplier": 1.0,
    "draw_model": {
      "intercept": 0.0,
      "coef_linear": 0.0,
      "coef_quadratic": 0.0
    },
    "margin_elo_slope": 9.832443050891583e-05,
    "margin_elo_intercept": 1.6985736926927533,
    "elo_adjustment_limit": 0.5,
    "p_sweep_base": 0.712,
    "division_params": {
      "1": {
        "base_goals": 1.1376146788990826,
        "dispersion_k": 10.0,
        "base_draw_rate": 0.0
      },
      "2": {
        "base_goals": 1.1484848484848484,
        "dispersion_k": 10.0,
        "base_draw_rate": 0.0
      }
    }
  }
}