{
  "ANDEBOL MISTO": {
    "sport_type": "andebol",
    "base_goals": 20.594594594594593,
    "base_goals_std": 6.908512021351629,
    "dispersion_k": 15.631821241082243,
    "base_draw_rate": 0.043243243243243246,
    "draw_elo_sensitivity": 0.010272181286537051,
    "draw_multiplier": 1.4,
    "draw_model": {
      "intercept": -2.327351741100904,
      "coef_linear": -0.010272181286537051,
      "coef_quadratic": 1.054274560322564e-05
    },
    "margin_elo_slope": 0.010816348898880855,
    "margin_elo_intercept": 5.948424485860165,
    "elo_adjustment_limit": 0.45,
    "division_params": {
      "1": {
        "base_goals": 22.703296703296704,
        "dispersion_k": 20.482635839703633,
        "base_draw_rate": 0.054945054945054944
      },
      "2": {
        "base_goals": 18.5531914893617,
        "dispersion_k": 16.7371178270344,
        "base_draw_rate": 0.031914893617021274
      }
    }
  },
  "BASQUETEBOL FEMININO": {
    "sport_type": "basquete",
    "base_goals": 8.844155844155845,
    "base_goals_std": 6.21177126184463,
    "dispersion_k": 3.0,
    "base_draw_rate": 0.0,
    "draw_elo_sensitivity": 0.0,
    "draw_multiplier": 1.0,
    "draw_model": {
      "intercept": 0.0,
      "coef_linear": 0.0,
      "coef_quadratic": 0.0
    },
    "margin_elo_slope": 0.013838730210185262,
    "margin_elo_intercept": 6.800766351447862,
    "elo_adjustment_limit": 0.5,
    "base_score": 8.844155844155845,
    "sigma": 6.21177126184463,
    "division_params": {
      "1": {
        "base_goals": 8.844155844155845,
        "dispersion_k": 3.0,
        "base_draw_rate": 0.0
      }
    }
  },
  "BASQUETEBOL MASCULINO": {
    "sport_type": "basquete",
    "base_goals": 9.509345794392523,
    "base_goals_std": 4.673189243210267,
    "dispersion_k": 7.3343398832874325,
    "base_draw_rate": 0.0,
    "draw_elo_sensitivity": 0.0,
    "draw_multiplier": 1.0,
    "draw_model": {
      "intercept": 0.0,
      "coef_linear": 0.0,
      "coef_quadratic": 0.0
    },
    "margin_elo_slope": 0.002459687477981657,
    "margin_elo_intercept": 5.048591077008522,
    "elo_adjustment_limit": 0.5,
    "base_score": 9.509345794392523,
    "sigma": 4.673189243210267,
    "division_params": {
      "1": {
        "base_goals": 10.137931034482758,
        "dispersion_k": 10.540118689537431,
        "base_draw_rate": 0.0
      },
      "2": {
        "base_goals": 9.078740157480315,
        "dispersion_k": 6.043015396084384,
        "base_draw_rate": 0.0
      }
    }
  },
  "FUTEBOL DE 7 MASCULINO": {
    "sport_type": "futebol7",
    "base_goals": 2.4356435643564356,
    "base_goals_std": 2.105701085404204,
    "dispersion_k": 3.0,
    "base_draw_rate": 0.1188118811881188,
    "draw_elo_sensitivity": 0.00010859239391537718,
    "draw_multiplier": 1.4,
    "draw_model": {
      "intercept": -1.7517748734717578,
      "coef_linear": -0.00010859239391537718,
      "coef_quadratic": -1.355755677223143e-05
    },
    "margin_elo_slope": 0.0029019411166206115,
    "margin_elo_intercept": 2.6040322654347934,
    "elo_adjustment_limit": 1.0,
    "division_params": {
      "1": {
        "base_goals": 2.40625,
        "dispersion_k": 3.0,
        "base_draw_rate": 0.125
      },
      "2": {
        "base_goals": 2.4622641509433962,
        "dispersion_k": 3.1917256243264784,
        "base_draw_rate": 0.11320754716981132
      }
    }
  },
  "FUTSAL FEMININO": {
    "sport_type": "futsal",
    "base_goals": 3.9791666666666665,
    "base_goals_std": 3.958936357575521,
    "dispersion_k": 3.0,
    "base_draw_rate": 0.013888888888888888,
    "draw_elo_sensitivity": 0.001,
    "draw_multiplier": 1.4,
    "draw_model": {
      "intercept": 0.0,
      "coef_linear": 0.0,
      "coef_quadratic": 0.0
    },
    "margin_elo_slope": 0.00030404885511782314,
    "margin_elo_intercept": 5.3882590558258725,
    "elo_adjustment_limit": 1.2,
    "division_params": {
      "1": {
        "base_goals": 3.9791666666666665,
        "dispersion_k": 3.0,
        "base_draw_rate": 0.013888888888888888
      }
    }
  },
  "FUTSAL MASCULINO": {
    "sport_type": "futsal",
    "base_goals": 3.2283333333333335,
    "base_goals_std": 2.750672140081806,
    "dispersion_k": 3.0,
    "base_draw_rate": 0.11666666666666667,
    "draw_elo_sensitivity": 0.0028575826871308696,
    "draw_multiplier": 1.4,
    "draw_model": {
      "intercept": -1.6361762200514611,
      "coef_linear": -0.0028575826871308696,
      "coef_quadratic": -6.671049631262855e-06
    },
    "margin_elo_slope": 0.003089357194395227,
    "margin_elo_intercept": 3.2473900021408975,
    "elo_adjustment_limit": 1.2,
    "division_params": {
      "1": {
        "base_goals": 3.0235849056603774,
        "dispersion_k": 3.8616998280059005,
        "base_draw_rate": 0.10377358490566038
      },
      "2": {
        "base_goals": 3.3402061855670104,
        "dispersion_k": 3.0,
        "base_draw_rate": 0.12371134020618557
      }
    }
  },
  "VOLEIBOL FEMININO": {
    "sport_type": "volei",
    "base_goals": 1.1567460317460319,
    "base_goals_std": 0.9048119416684554,
    "dispersion_k": 10.0,
    "base_draw_rate": 0.0,
    "draw_elo_sensitivity": 0.0,
    "draw_multiplier": 1.0,
    "draw_model": {
      "intercept": 0.0,
      "coef_linear": 0.0,
      "coef_quadratic": 0.0
    },
    "margin_elo_slope": 0.0008657958010977642,
    "margin_elo_intercept": 1.5876010733253871,
    "elo_adjustment_limit": 0.5,
    "p_sweep_base": 0.687,
    "division_params": {
      "1": {
        "base_goals": 1.1272727272727272,
        "dispersion_k": 10.0,
        "base_draw_rate": 0.0
      },
      "2": {
        "base_goals": 1.1795774647887325,
        "dispersion_k": 10.0,
        "base_draw_rate": 0.0
      }
    }
  },
  "VOLEIBOL MASCULINO": {
    "sport_type": "volei",
    "base_goals": 1.140625,
    "base_goals_std": 0.9162966819622343,
    "dispersion_k": 10.0,
    "base_draw_rate": 0.0,
    "draw_elo_sensitivity": 0.0,
    "draw_multiplier": 1.0,
    "draw_model": {
      "intercept": 0.0,
      "coef_linear": 0.0,
      "coef_quadratic": 0.0
    },
    "margin_elo_slope": 0.00026697880230891637,
    "margin_elo_intercept": 1.6854454372979093,
    "elo_adjustment_limit": 0.5,
    "p_sweep_base": 0.719,
    "division_params": {
      "1": {
        "base_goals": 1.1310679611650485,
        "dispersion_k": 10.0,
        "base_draw_rate": 0.0
      },
      "2": {
        "base_goals": 1.1470588235294117,
        "dispersion_k": 10.0,
        "base_draw_rate": 0.0
      }
    }
  }
}