{
  "ANDEBOL MISTO": {
    "sport_type": "andebol",
    "base_goals": 20.583333333333332,
    "base_goals_std": 6.820278858206877,
    "dispersion_k": 16.337320360617692,
    "base_draw_rate": 0.05092592592592592,
    "draw_elo_sensitivity": 0.0031642232380643173,
    "draw_multiplier": 1.4,
    "draw_model": {
      "intercept": -2.4171771332304184,
      "coef_linear": -0.0031642232380643173,
      "coef_quadratic": -1.076519568790516e-05
    },
    "margin_elo_slope": 0.012099032061538907,
    "margin_elo_intercept": 5.745992907971726,
    "elo_adjustment_limit": 0.45,
    "division_params": {
      "1": {
        "base_goals": 22.527522935779817,
        "dispersion_k": 22.898985122921754,
        "base_draw_rate": 0.07339449541284404
      },
      "2": {
        "base_goals": 18.602803738317757,
        "dispersion_k": 15.729399551194314,
        "base_draw_rate": 0.028037383177570093
      }
    }
  },
  "BASQUETEBOL FEMININO": {
    "sport_type": "basquete",
    "base_goals": 8.702380952380953,
    "base_goals_std": 6.060763274862573,
    "dispersion_k": 3.0,
    "base_draw_rate": 0.0,
    "draw_elo_sensitivity": 0.0,
    "draw_multiplier": 1.0,
    "draw_model": {
      "intercept": 0.0,
      "coef_linear": 0.0,
      "coef_quadratic": 0.0
    },
    "margin_elo_slope": 0.011905243138932,
    "margin_elo_intercept": 6.66944157532932,
    "elo_adjustment_limit": 0.5,
    "base_score": 8.702380952380953,
    "sigma": 6.060763274862573,
    "division_params": {
      "1": {
        "base_goals": 8.702380952380953,
        "dispersion_k": 3.0,
        "base_draw_rate": 0.0
      }
    }
  },
  "BASQUETEBOL MASCULINO": {
    "sport_type": "basquete",
    "base_goals": 9.601626016260163,
    "base_goals_std": 4.609092881844485,
    "dispersion_k": 7.9187718406776675,
    "base_draw_rate": 0.0,
    "draw_elo_sensitivity": 0.0,
    "draw_multiplier": 1.0,
    "draw_model": {
      "intercept": 0.0,
      "coef_linear": 0.0,
      "coef_quadratic": 0.0
    },
    "margin_elo_slope": 0.004401423447778185,
    "margin_elo_intercept": 4.906309155850424,
    "elo_adjustment_limit": 0.5,
    "base_score": 9.601626016260163,
    "sigma": 4.609092881844485,
    "division_params": {
      "1": {
        "base_goals": 10.154205607476635,
        "dispersion_k": 11.53482117338402,
        "base_draw_rate": 0.0
      },
      "2": {
        "base_goals": 9.176258992805755,
        "dispersion_k": 6.327747434664528,
        "base_draw_rate": 0.0
      }
    }
  },
  "FUTEBOL DE 7 MASCULINO": {
    "sport_type": "futebol7",
    "base_goals": 2.440677966101695,
    "base_goals_std": 2.108467082661489,
    "dispersion_k": 3.0,
    "base_draw_rate": 0.1059322033898305,
    "draw_elo_sensitivity": 0.0022148561163878276,
    "draw_multiplier": 1.4,
    "draw_model": {
      "intercept": -2.0874940528448835,
      "coef_linear": 0.0022148561163878276,
      "coef_quadratic": -1.3130697017051533e-05
    },
    "margin_elo_slope": 0.002329217566702262,
    "margin_elo_intercept": 2.677964767973008,
    "elo_adjustment_limit": 1.0,
    "division_params": {
      "1": {
        "base_goals": 2.3623853211009176,
        "dispersion_k": 3.0,
        "base_draw_rate": 0.11009174311926606
      },
      "2": {
        "base_goals": 2.5078740157480315,
        "dispersion_k": 3.270352609308886,
        "base_draw_rate": 0.10236220472440945
      }
    }
  },
  "FUTSAL FEMININO": {
    "sport_type": "futsal",
    "base_goals": 3.7901234567901234,
    "base_goals_std": 3.8158734397533696,
    "dispersion_k": 3.0,
    "base_draw_rate": 0.024691358024691357,
    "draw_elo_sensitivity": 0.001,
    "draw_multiplier": 1.4,
    "draw_model": {
      "intercept": 0.0,
      "coef_linear": 0.0,
      "coef_quadratic": 0.0
    },
    "margin_elo_slope": -0.0006727349121972155,
    "margin_elo_intercept": 5.471234266863413,
    "elo_adjustment_limit": 1.2,
    "division_params": {
      "1": {
        "base_goals": 3.7901234567901234,
        "dispersion_k": 3.0,
        "base_draw_rate": 0.024691358024691357
      }
    }
  },
  "FUTSAL MASCULINO": {
    "sport_type": "futsal",
    "base_goals": 3.2927536231884056,
    "base_goals_std": 2.754407211039428,
    "dispersion_k": 3.0,
    "base_draw_rate": 0.11304347826086956,
    "draw_elo_sensitivity": 0.004236514907921019,
    "draw_multiplier": 1.4,
    "draw_model": {
      "intercept": -1.5832694686309048,
      "coef_linear": -0.004236514907921019,
      "coef_quadratic": -1.727143792764266e-06
    },
    "margin_elo_slope": 0.005024886067229873,
    "margin_elo_intercept": 2.9600105220971056,
    "elo_adjustment_limit": 1.2,
    "division_params": {
      "1": {
        "base_goals": 3.096,
        "dispersion_k": 4.148036337450838,
        "base_draw_rate": 0.104
      },
      "2": {
        "base_goals": 3.4045454545454548,
        "dispersion_k": 3.0,
        "base_draw_rate": 0.11818181818181818
      }
    }
  },
  "VOLEIBOL FEMININO": {
    "sport_type": "volei",
    "base_goals": 1.1436170212765957,
    "base_goals_std": 0.9141975333170845,
    "dispersion_k": 10.0,
    "base_draw_rate": 0.0,
    "draw_elo_sensitivity": 0.0,
    "draw_multiplier": 1.0,
    "draw_model": {
      "intercept": 0.0,
      "coef_linear": 0.0,
      "coef_quadratic": 0.0
    },
    "margin_elo_slope": 0.0008860565296498981,
    "margin_elo_intercept": 1.607501184906628,
    "elo_adjustment_limit": 0.5,
    "p_sweep_base": 0.713,
    "division_params": {
      "1": {
        "base_goals": 1.1188524590163935,
        "dispersion_k": 10.0,
        "base_draw_rate": 0.0
      },
      "2": {
        "base_goals": 1.1625,
        "dispersion_k": 10.0,
        "base_draw_rate": 0.0
      }
    }
  },
  "VOLEIBOL MASCULINO": {
    "sport_type": "volei",
    "base_goals": 1.1472491909385114,
    "base_goals_std": 0.9116295765438079,
    "dispersion_k": 10.0,
    "base_draw_rate": 0.0,
    "draw_elo_sensitivity": 0.0,
    "draw_multiplier": 1.0,
    "draw_model": {
      "intercept": 0.0,
      "coef_linear": 0.0,
      "coef_quadratic": 0.0
    },
    "margin_elo_slope": 0.0003745452004474326,
    "margin_elo_intercept": 1.6562143788330308,
    "elo_adjustment_limit": 0.5,
    "p_sweep_base": 0.706,
    "division_params": {
      "1": {
        "base_goals": 1.1416666666666666,
        "dispersion_k": 10.0,
        "base_draw_rate": 0.0
      },
      "2": {
        "base_goals": 1.1507936507936507,
        "dispersion_k": 10.0,
        "base_draw_rate": 0.0
      }
    }
  }
}