{
  "modalidade": "FUTEBOL DE 7 MASCULINO",
  "num_seasons": 1,
  "avg_brier_score": 0.019034709032258065,
  "avg_rmse_place": 12.241788770410754,
  "avg_rmse_points": 1.6525452588072014,
  "seasons": [
    {
      "season": "24_25",
      "cutoff_jornada": 8,
      "num_teams": 31,
      "brier_score_champion": 0.019034709032258065,
      "rmse_expected_place": 12.241788770410754,
      "rmse_expected_points": 1.6525452588072014,
      "calibration_champion": {
        "0-10%": {
          "predicted": 0.005738461538461538,
          "observed": 0.0,
          "count": 26,
          "calibrated": true
        },
        "10-20%": {
          "predicted": 0.1401,
          "observed": 0.0,
          "count": 4,
          "calibrated": true
        },
        "20-30%": {
          "predicted": 0.2904,
          "observed": 1.0,
          "count": 1,
          "calibrated": false
        }
      },
      "calibration_playoffs": {
        "0-10%": {
          "predicted": 0.0026181818181818185,
          "observed": 0.045454545454545456,
          "count": 22,
          "calibrated": true
        },
        "90-100%": {
          "predicted": 0.9938571428571429,
          "observed": 1.0,
          "count": 7,
          "calibrated": true
        },
        "70-80%": {
          "predicted": 0.7879,
          "observed": 0.0,
          "count": 1,
          "calibrated": false
        },
        "10-20%": {
          "predicted": 0.1975,
          "observed": 0.0,
          "count": 1,
          "calibrated": false
        }
      }
    }
  ]
}