{
  "modalidade": "BASQUETEBOL MASCULINO",
  "num_seasons": 2,
  "avg_brier_score": 0.028035661666666663,
  "avg_rmse_place": 11.911159968729587,
  "avg_rmse_points": 2.811649878816008,
  "seasons": [
    {
      "season": "24_25",
      "cutoff_jornada": 8,
      "num_teams": 30,
      "brier_score_champion": 0.027532156,
      "rmse_expected_place": 11.881588980687726,
      "rmse_expected_points": 1.3504924046833746,
      "calibration_champion": {
        "0-10%": {
          "predicted": 0.009804166666666666,
          "observed": 0.0,
          "count": 24,
          "calibrated": true
        },
        "10-20%": {
          "predicted": 0.12745000000000004,
          "observed": 0.16666666666666666,
          "count": 6,
          "calibrated": true
        }
      },
      "calibration_playoffs": {
        "30-40%": {
          "predicted": 0.3175,
          "observed": 0.0,
          "count": 1,
          "calibrated": false
        },
        "20-30%": {
          "predicted": 0.2708,
          "observed": 0.0,
          "count": 1,
          "calibrated": false
        },
        "70-80%": {
          "predicted": 0.7719,
          "observed": 1.0,
          "count": 1,
          "calibrated": false
        },
        "90-100%": {
          "predicted": 1.0,
          "observed": 1.0,
          "count": 6,
          "calibrated": true
        },
        "0-10%": {
          "predicted": 0.00518,
          "observed": 0.0,
          "count": 20,
          "calibrated": true
        },
        "50-60%": {
          "predicted": 0.5362,
          "observed": 1.0,
          "count": 1,
          "calibrated": false
        }
      }
    },
    {
      "season": "25_26",
      "cutoff_jornada": 8,
      "num_teams": 30,
      "brier_score_champion": 0.028539167333333327,
      "rmse_expected_place": 11.940730956771448,
      "rmse_expected_points": 4.272807352948641,
      "calibration_champion": {
        "0-10%": {
          "predicted": 0.01813076923076923,
          "observed": 0.0,
          "count": 26,
          "calibrated": true
        },
        "10-20%": {
          "predicted": 0.13215,
          "observed": 0.25,
          "count": 4,
          "calibrated": true
        }
      },
      "calibration_playoffs": {
        "0-10%": {
          "predicted": 0.01398235294117647,
          "observed": 0.0,
          "count": 17,
          "calibrated": true
        },
        "10-20%": {
          "predicted": 0.1628666666666667,
          "observed": 0.0,
          "count": 3,
          "calibrated": false
        },
        "50-60%": {
          "predicted": 0.5315000000000001,
          "observed": 1.0,
          "count": 2,
          "calibrated": false
        },
        "90-100%": {
          "predicted": 0.987725,
          "observed": 1.0,
          "count": 4,
          "calibrated": true
        },
        "70-80%": {
          "predicted": 0.718,
          "observed": 0.0,
          "count": 1,
          "calibrated": false
        },
        "40-50%": {
          "predicted": 0.4398,
          "observed": 1.0,
          "count": 1,
          "calibrated": false
        },
        "80-90%": {
          "predicted": 0.8408,
          "observed": 1.0,
          "count": 1,
          "calibrated": false
        },
        "20-30%": {
          "predicted": 0.2612,
          "observed": 0.0,
          "count": 1,
          "calibrated": false
        }
      }
    }
  ]
}