{
  "modalidade": "VOLEIBOL MASCULINO",
  "num_seasons": 2,
  "avg_brier_score": 0.02041508055555555,
  "avg_rmse_place": 14.031008887945955,
  "avg_rmse_points": 4.233415786244442,
  "seasons": [
    {
      "season": "24_25",
      "cutoff_jornada": 8,
      "num_teams": 36,
      "brier_score_champion": 0.026647751111111107,
      "rmse_expected_place": 14.389400522568302,
      "rmse_expected_points": 4.077114633824444,
      "calibration_champion": {
        "0-10%": {
          "predicted": 0.015327272727272724,
          "observed": 0.030303030303030304,
          "count": 33,
          "calibrated": true
        },
        "20-30%": {
          "predicted": 0.2823,
          "observed": 0.0,
          "count": 1,
          "calibrated": false
        },
        "10-20%": {
          "predicted": 0.10595,
          "observed": 0.0,
          "count": 2,
          "calibrated": true
        }
      },
      "calibration_playoffs": {
        "0-10%": {
          "predicted": 0.005235999999999999,
          "observed": 0.0,
          "count": 25,
          "calibrated": true
        },
        "90-100%": {
          "predicted": 0.99995,
          "observed": 1.0,
          "count": 2,
          "calibrated": true
        },
        "80-90%": {
          "predicted": 0.89455,
          "observed": 1.0,
          "count": 2,
          "calibrated": true
        },
        "50-60%": {
          "predicted": 0.53955,
          "observed": 0.5,
          "count": 2,
          "calibrated": true
        },
        "70-80%": {
          "predicted": 0.724575,
          "observed": 0.75,
          "count": 4,
          "calibrated": true
        },
        "10-20%": {
          "predicted": 0.1027,
          "observed": 0.0,
          "count": 1,
          "calibrated": true
        }
      }
    },
    {
      "season": "25_26",
      "cutoff_jornada": 8,
      "num_teams": 34,
      "brier_score_champion": 0.014182409999999998,
      "rmse_expected_place": 13.672617253323606,
      "rmse_expected_points": 4.3897169386644395,
      "calibration_champion": {
        "0-10%": {
          "predicted": 0.0031466666666666665,
          "observed": 0.0,
          "count": 30,
          "calibrated": true
        },
        "10-20%": {
          "predicted": 0.13555,
          "observed": 0.0,
          "count": 2,
          "calibrated": true
        },
        "30-40%": {
          "predicted": 0.3847,
          "observed": 1.0,
          "count": 1,
          "calibrated": false
        },
        "20-30%": {
          "predicted": 0.2498,
          "observed": 0.0,
          "count": 1,
          "calibrated": false
        }
      },
      "calibration_playoffs": {
        "0-10%": {
          "predicted": 0.004847826086956522,
          "observed": 0.043478260869565216,
          "count": 23,
          "calibrated": true
        },
        "20-30%": {
          "predicted": 0.2429,
          "observed": 1.0,
          "count": 2,
          "calibrated": false
        },
        "70-80%": {
          "predicted": 0.74745,
          "observed": 1.0,
          "count": 2,
          "calibrated": false
        },
        "40-50%": {
          "predicted": 0.4983,
          "observed": 0.0,
          "count": 1,
          "calibrated": false
        },
        "90-100%": {
          "predicted": 0.999475,
          "observed": 0.75,
          "count": 4,
          "calibrated": false
        },
        "50-60%": {
          "predicted": 0.5306,
          "observed": 0.0,
          "count": 1,
          "calibrated": false
        },
        "80-90%": {
          "predicted": 0.881,
          "observed": 0.0,
          "count": 1,
          "calibrated": false
        }
      }
    }
  ]
}