{
  "modalidade": "VOLEIBOL FEMININO",
  "num_seasons": 2,
  "avg_brier_score": 0.0331778431372549,
  "avg_rmse_place": 13.369280776209262,
  "avg_rmse_points": 3.7156209263800544,
  "seasons": [
    {
      "season": "24_25",
      "cutoff_jornada": 8,
      "num_teams": 33,
      "brier_score_champion": 0.029710773333333333,
      "rmse_expected_place": 13.354131688800218,
      "rmse_expected_points": 2.320326760122665,
      "calibration_champion": {
        "10-20%": {
          "predicted": 0.13405,
          "observed": 0.5,
          "count": 2,
          "calibrated": false
        },
        "0-10%": {
          "predicted": 0.009500000000000001,
          "observed": 0.0,
          "count": 30,
          "calibrated": true
        },
        "40-50%": {
          "predicted": 0.4469,
          "observed": 0.0,
          "count": 1,
          "calibrated": false
        }
      },
      "calibration_playoffs": {
        "90-100%": {
          "predicted": 0.9814857142857143,
          "observed": 0.8571428571428571,
          "count": 7,
          "calibrated": true
        },
        "0-10%": {
          "predicted": 0.004708333333333333,
          "observed": 0.0,
          "count": 24,
          "calibrated": true
        },
        "60-70%": {
          "predicted": 0.6246,
          "observed": 1.0,
          "count": 1,
          "calibrated": false
        },
        "30-40%": {
          "predicted": 0.392,
          "observed": 1.0,
          "count": 1,
          "calibrated": false
        }
      }
    },
    {
      "season": "25_26",
      "cutoff_jornada": 8,
      "num_teams": 34,
      "brier_score_champion": 0.036644912941176465,
      "rmse_expected_place": 13.384429863618308,
      "rmse_expected_points": 5.110915092637444,
      "calibration_champion": {
        "0-10%": {
          "predicted": 0.00362,
          "observed": 0.03333333333333333,
          "count": 30,
          "calibrated": true
        },
        "40-50%": {
          "predicted": 0.4112,
          "observed": 0.0,
          "count": 1,
          "calibrated": false
        },
        "10-20%": {
          "predicted": 0.16006666666666666,
          "observed": 0.0,
          "count": 3,
          "calibrated": false
        }
      },
      "calibration_playoffs": {
        "0-10%": {
          "predicted": 0.005141666666666667,
          "observed": 0.08333333333333333,
          "count": 24,
          "calibrated": true
        },
        "90-100%": {
          "predicted": 0.9849666666666668,
          "observed": 1.0,
          "count": 6,
          "calibrated": true
        },
        "80-90%": {
          "predicted": 0.8568,
          "observed": 0.0,
          "count": 1,
          "calibrated": false
        },
        "10-20%": {
          "predicted": 0.1968,
          "observed": 0.0,
          "count": 1,
          "calibrated": false
        },
        "30-40%": {
          "predicted": 0.3023,
          "observed": 0.0,
          "count": 1,
          "calibrated": false
        },
        "60-70%": {
          "predicted": 0.6109,
          "observed": 0.0,
          "count": 1,
          "calibrated": false
        }
      }
    }
  ]
}