{
  "modalidade": "ANDEBOL MISTO",
  "num_seasons": 2,
  "avg_brier_score": 0.05941728481884058,
  "avg_rmse_place": 13.59399922435634,
  "avg_rmse_points": 5.552433416956025,
  "seasons": [
    {
      "season": "24_25",
      "cutoff_jornada": 8,
      "num_teams": 24,
      "brier_score_champion": 0.03971677833333333,
      "rmse_expected_place": 7.260551337995391,
      "rmse_expected_points": 2.4246517706543194,
      "calibration_champion": {
        "0-10%": {
          "predicted": 0.0015736842105263157,
          "observed": 0.0,
          "count": 19,
          "calibrated": true
        },
        "30-40%": {
          "predicted": 0.3941,
          "observed": 0.0,
          "count": 1,
          "calibrated": false
        },
        "10-20%": {
          "predicted": 0.1224,
          "observed": 0.3333333333333333,
          "count": 3,
          "calibrated": false
        },
        "20-30%": {
          "predicted": 0.2088,
          "observed": 0.0,
          "count": 1,
          "calibrated": false
        }
      },
      "calibration_playoffs": {
        "0-10%": {
          "predicted": 0.010166666666666666,
          "observed": 0.0,
          "count": 15,
          "calibrated": true
        },
        "90-100%": {
          "predicted": 0.9829428571428572,
          "observed": 1.0,
          "count": 7,
          "calibrated": true
        },
        "60-70%": {
          "predicted": 0.6259,
          "observed": 1.0,
          "count": 1,
          "calibrated": false
        },
        "30-40%": {
          "predicted": 0.341,
          "observed": 0.0,
          "count": 1,
          "calibrated": false
        }
      }
    },
    {
      "season": "25_26",
      "cutoff_jornada": 8,
      "num_teams": 22,
      "brier_score_champion": 0.07911779130434783,
      "rmse_expected_place": 19.92744711071729,
      "rmse_expected_points": 8.68021506325773,
      "calibration_champion": {
        "0-10%": {
          "predicted": 0.0044136363636363635,
          "observed": 0.045454545454545456,
          "count": 22,
          "calibrated": true
        },
        "90-100%": {
          "predicted": 0.9029,
          "observed": 0.0,
          "count": 1,
          "calibrated": false
        }
      },
      "calibration_playoffs": {
        "0-10%": {
          "predicted": 0.001284615384615385,
          "observed": 0.38461538461538464,
          "count": 13,
          "calibrated": false
        },
        "90-100%": {
          "predicted": 0.9876428571428572,
          "observed": 0.42857142857142855,
          "count": 7,
          "calibrated": false
        },
        "60-70%": {
          "predicted": 0.6715,
          "observed": 0.0,
          "count": 1,
          "calibrated": false
        },
        "20-30%": {
          "predicted": 0.2506,
          "observed": 0.0,
          "count": 1,
          "calibrated": false
        },
        "10-20%": {
          "predicted": 0.1477,
          "observed": 0.0,
          "count": 1,
          "calibrated": true
        }
      }
    }
  ]
}