jornada,dia,hora,team_a,team_b,expected_elo_a,expected_elo_a_std,expected_elo_b,expected_elo_b_std,prob_vitoria_a,prob_empate,prob_vitoria_b,expected_goals_a,expected_goals_a_std,expected_goals_b,expected_goals_b_std,ocorrencias,divisao,grupo,distribuicao_placares
9,2026-05-05 00:00:00,21h00,Eng. Informática,Música,658.0,0.0,681.0,0.0,35.4290,22.3170,42.2540,3.35,2.27,3.65,2.42,100000,2,A,3-3:4.8030%|2-2:4.2350%|4-4:4.1930%|2-3:2.9750%|5-5:2.9420%|1-2:2.7310%|3-2:2.7300%|2-1:2.5070%|1-3:2.4850%|2-4:2.3840%|1-1:2.3720%|3-1:2.2430%|4-2:2.1670%|3-4:2.0870%|1-4:2.0810%|4-3:1.9640%|2-5:1.7460%|4-1:1.7330%|6-6:1.6090%|3-5:1.6030%|1-5:1.5770%|5-2:1.5430%|5-3:1.4450%|2-6:1.2780%|0-2:1.2520%|5-1:1.2160%|4-5:1.1950%|0-3:1.1710%|5-4:1.1490%|3-6:1.1080%|2-0:1.0900%|1-6:1.0890%|6-2:1.0530%|0-4:1.0180%|3-0:0.9990%|0-1:0.9940%|1-0:0.9500%|6-3:0.9350%|4-6:0.8920%|6-1:0.8570%|7-7:0.8330%|2-7:0.8180%|3-7:0.8130%|4-0:0.8080%|6-4:0.7830%|1-7:0.7790%|0-0:0.7200%|0-5:0.7170%|7-2:0.6740%|7-3:0.6620%|4-7:0.6140%|5-6:0.6130%|6-5:0.5930%|3-8:0.5370%|7-1:0.5350%|5-0:0.5350%|0-6:0.5340%|2-8:0.5310%|7-4:0.4830%|1-8:0.4760%|5-7:0.4370%|8-2:0.4210%|4-8:0.4050%|8-8:0.3940%|6-0:0.3890%|0-7:0.3880%|7-5:0.3840%|8-3:0.3760%|8-1:0.3140%|8-4:0.3060%|2-9:0.2990%|6-7:0.2970%|7-6:0.2910%|3-9:0.2900%|1-9:0.2840%|5-8:0.2600%|4-9:0.2540%|9-2:0.2480%|0-8:0.2450%|7-0:0.2270%|9-3:0.2150%|8-5:0.2010%|2-10:0.1960%|3-10:0.1890%|6-8:0.1840%|5-9:0.1810%|1-10:0.1730%|9-4:0.1720%|9-1:0.1700%|8-0:0.1560%|0-9:0.1530%|8-6:0.1480%|7-8:0.1460%|9-9:0.1410%|4-10:0.1330%|9-5:0.1280%|2-11:0.1210%|6-9:0.1110%|10-2:0.1090%|10-1:0.1040%|8-7:0.1040%|3-11:0.1010%|10-4:0.0960%|9-6:0.0950%|10-3:0.0930%|5-10:0.0920%|1-11:0.0920%|7-9:0.0870%|9-7:0.0810%|0-10:0.0810%|9-0:0.0720%|10-5:0.0710%|4-11:0.0700%|6-10:0.0660%|10-6:0.0580%|11-1:0.0550%|2-12:0.0550%|11-2:0.0540%|10-10:0.0520%|0-11:0.0500%|5-11:0.0490%|8-9:0.0490%|10-0:0.0490%|11-3:0.0490%|1-12:0.0470%|9-8:0.0460%|5-12:0.0410%|3-12:0.0400%|4-12:0.0400%|10-7:0.0390%|11-4:0.0390%|7-10:0.0380%|1-13:0.0330%|8-10:0.0320%|12-2:0.0320%|11-6:0.0310%|11-5:0.0310%|11-0:0.0270%|12-3:0.0270%|6-11:0.0230%|2-13:0.0230%|0-12:0.0220%|10-9:0.0220%|8-11:0.0210%|3-13:0.0210%|10-8:0.0190%|7-11:0.0180%|12-5:0.0170%|11-7:0.0170%|12-1:0.0170%|4-13:0.0170%|6-12:0.0170%|13-4:0.0160%|11-11:0.0160%|12-0:0.0150%|13-3:0.0150%|9-10:0.0150%|12-4:0.0130%|9-11:0.0120%|13-1:0.0110%|7-12:0.0100%|4-14:0.0100%|13-5:0.0100%|12-7:0.0100%|5-13:0.0100%|0-13:0.0090%|5-14:0.0090%|8-12:0.0090%|13-2:0.0090%|2-14:0.0080%|3-14:0.0080%|12-6:0.0070%|2-15:0.0070%|6-13:0.0070%|11-8:0.0070%|1-14:0.0070%|11-9:0.0060%|6-14:0.0060%|0-14:0.0060%|14-3:0.0060%|12-8:0.0050%|11-10:0.0040%|13-6:0.0040%|14-5:0.0040%|7-13:0.0040%|14-4:0.0040%|12-12:0.0040%|14-7:0.0040%|10-13:0.0030%|1-15:0.0030%|15-1:0.0030%|5-15:0.0030%|13-0:0.0030%|8-13:0.0030%|10-12:0.0030%|10-11:0.0030%|13-7:0.0030%|9-12:0.0030%|8-14:0.0030%|4-15:0.0030%|13-13:0.0020%|16-4:0.0020%|14-1:0.0020%|13-8:0.0020%|3-15:0.0020%|9-13:0.0020%|7-14:0.0020%|2-16:0.0020%|6-15:0.0020%|12-9:0.0020%|14-14:0.0010%|11-12:0.0010%|6-16:0.0010%|9-14:0.0010%|12-11:0.0010%|1-16:0.0010%|3-20:0.0010%|13-9:0.0010%|12-15:0.0010%|3-17:0.0010%|14-0:0.0010%|9-17:0.0010%|14-6:0.0010%|12-10:0.0010%|15-2:0.0010%|3-16:0.0010%|14-9:0.0010%|5-16:0.0010%|15-3:0.0010%|9-15:0.0010%
9,2026-05-05 00:00:00,22h00,Automação e Sistemas de Produção,Eng. de Materiais,401.0,0.0,672.0,0.0,7.1830,7.6130,85.2040,1.48,1.47,5.55,3.29,100000,2,A,1-3:4.2020%|1-4:4.1930%|0-3:3.8650%|0-4:3.8360%|1-5:3.6740%|1-2:3.5420%|0-5:3.3910%|0-2:3.2950%|1-6:3.1980%|0-6:2.9910%|2-4:2.6550%|2-3:2.6320%|1-7:2.6180%|0-7:2.3780%|2-5:2.3030%|1-8:2.0980%|0-8:2.0190%|2-6:1.9550%|0-1:1.9350%|2-7:1.6910%|3-3:1.6890%|1-9:1.6810%|0-9:1.6110%|2-2:1.4400%|4-4:1.4300%|2-1:1.4020%|2-8:1.3490%|3-4:1.3390%|1-10:1.2950%|3-5:1.2050%|0-10:1.1980%|3-2:1.0890%|2-9:1.0580%|3-6:1.0320%|5-5:0.9930%|1-11:0.9930%|3-7:0.9370%|0-11:0.8740%|2-10:0.8150%|1-1:0.7900%|1-12:0.6910%|3-1:0.6890%|3-8:0.6890%|0-12:0.6380%|1-0:0.6260%|2-11:0.6240%|4-3:0.5670%|4-5:0.5510%|3-9:0.5370%|6-6:0.5360%|4-2:0.5060%|0-13:0.4670%|1-13:0.4560%|2-0:0.4380%|3-10:0.4180%|2-12:0.4140%|4-6:0.4140%|4-7:0.3740%|0-14:0.3140%|3-11:0.3010%|2-13:0.2890%|4-1:0.2880%|4-8:0.2870%|1-14:0.2840%|7-7:0.2710%|0-0:0.2500%|5-4:0.2340%|4-9:0.2330%|3-12:0.2210%|3-0:0.2000%|5-3:0.1950%|1-15:0.1900%|2-14:0.1880%|5-2:0.1850%|0-15:0.1810%|4-10:0.1730%|5-6:0.1690%|3-13:0.1590%|8-8:0.1430%|5-7:0.1350%|4-11:0.1280%|5-1:0.1100%|3-14:0.1090%|4-0:0.1080%|2-15:0.0980%|0-16:0.0970%|5-9:0.0970%|5-8:0.0960%|4-12:0.0960%|5-10:0.0920%|1-16:0.0880%|6-4:0.0850%|6-5:0.0700%|6-3:0.0680%|4-13:0.0640%|0-17:0.0630%|2-16:0.0610%|6-7:0.0590%|5-11:0.0580%|1-17:0.0510%|6-2:0.0500%|3-15:0.0450%|9-9:0.0450%|4-14:0.0440%|5-0:0.0420%|6-1:0.0410%|6-8:0.0400%|6-9:0.0380%|0-18:0.0360%|3-16:0.0330%|7-4:0.0310%|5-12:0.0270%|1-18:0.0270%|6-10:0.0260%|5-13:0.0260%|7-3:0.0250%|5-14:0.0230%|0-19:0.0210%|10-10:0.0200%|2-17:0.0200%|7-5:0.0200%|2-18:0.0190%|4-15:0.0180%|7-2:0.0170%|7-1:0.0170%|6-11:0.0160%|7-9:0.0150%|4-16:0.0140%|7-6:0.0140%|7-8:0.0130%|1-19:0.0120%|3-18:0.0120%|6-12:0.0110%|3-17:0.0110%|6-0:0.0100%|8-3:0.0100%|5-15:0.0100%|5-16:0.0090%|4-17:0.0090%|6-13:0.0090%|2-20:0.0070%|6-14:0.0070%|1-20:0.0060%|0-20:0.0060%|3-19:0.0060%|7-11:0.0060%|8-1:0.0060%|8-4:0.0050%|4-18:0.0050%|9-2:0.0050%|3-20:0.0050%|2-19:0.0050%|7-10:0.0050%|8-5:0.0050%|11-11:0.0040%|7-14:0.0040%|8-6:0.0040%|6-15:0.0040%|5-18:0.0030%|3-21:0.0030%|7-0:0.0030%|5-17:0.0030%|0-21:0.0030%|4-19:0.0030%|8-2:0.0030%|4-20:0.0020%|6-16:0.0020%|7-12:0.0020%|8-0:0.0020%|5-20:0.0020%|8-7:0.0020%|12-12:0.0020%|10-3:0.0020%|2-22:0.0020%|7-13:0.0020%|0-22:0.0020%|8-11:0.0020%|0-23:0.0010%|6-17:0.0010%|8-9:0.0010%|8-13:0.0010%|8-15:0.0010%|8-10:0.0010%|9-7:0.0010%|10-4:0.0010%|7-18:0.0010%|1-21:0.0010%|9-6:0.0010%|9-11:0.0010%|10-2:0.0010%|10-6:0.0010%|10-1:0.0010%|1-27:0.0010%|9-4:0.0010%|10-5:0.0010%|4-21:0.0010%|9-3:0.0010%
9,2026-05-05 00:00:00,23h00,Biologia e Geologia,Economia,494.0,0.0,486.0,0.0,39.7440,23.1770,37.0790,3.56,2.36,3.44,2.31,100000,2,A,3-3:5.0960%|2-2:4.4040%|4-4:4.4010%|5-5:2.9580%|3-2:2.8930%|2-3:2.7630%|2-1:2.5560%|1-2:2.4830%|1-1:2.4630%|3-1:2.3840%|4-2:2.3240%|1-3:2.2660%|2-4:2.2060%|3-4:2.0810%|4-3:2.0270%|4-1:1.9180%|1-4:1.7920%|5-2:1.7020%|2-5:1.6420%|6-6:1.6360%|5-3:1.5110%|5-1:1.4610%|3-5:1.4540%|1-5:1.2590%|2-0:1.2110%|6-2:1.2030%|4-5:1.1340%|2-6:1.1160%|5-4:1.1120%|0-2:1.0940%|3-0:1.0720%|6-3:1.0520%|6-1:1.0480%|0-3:1.0390%|3-6:1.0030%|1-0:0.9680%|0-1:0.9460%|7-7:0.9090%|1-6:0.9070%|4-0:0.9040%|6-4:0.8760%|4-6:0.8690%|7-2:0.8590%|0-4:0.8500%|7-3:0.7810%|0-0:0.7420%|2-7:0.6970%|3-7:0.6830%|5-0:0.6740%|7-1:0.6600%|6-5:0.6490%|1-7:0.6360%|5-6:0.6180%|7-4:0.5900%|0-5:0.5630%|4-7:0.5590%|8-2:0.4750%|6-0:0.4590%|8-3:0.4530%|5-7:0.4420%|2-8:0.4350%|0-6:0.4340%|3-8:0.4070%|7-5:0.4030%|8-1:0.3970%|8-8:0.3780%|8-4:0.3770%|1-8:0.3490%|9-2:0.3270%|7-6:0.3250%|4-8:0.3040%|7-0:0.3000%|6-7:0.2920%|9-3:0.2820%|0-7:0.2610%|8-5:0.2550%|3-9:0.2520%|9-1:0.2490%|2-9:0.2400%|5-8:0.2310%|9-4:0.2150%|1-9:0.2110%|8-6:0.2030%|8-0:0.2020%|4-9:0.1980%|6-8:0.1930%|10-2:0.1780%|10-3:0.1630%|9-5:0.1580%|3-10:0.1560%|5-9:0.1520%|0-8:0.1450%|10-1:0.1350%|1-10:0.1280%|2-10:0.1280%|8-7:0.1250%|9-9:0.1230%|7-8:0.1210%|10-4:0.1160%|9-0:0.1130%|4-10:0.1090%|6-9:0.1070%|9-6:0.0930%|10-5:0.0900%|0-9:0.0830%|11-1:0.0810%|9-7:0.0790%|11-2:0.0750%|11-3:0.0720%|2-11:0.0700%|11-4:0.0680%|10-0:0.0670%|1-11:0.0660%|5-10:0.0660%|4-11:0.0640%|7-9:0.0630%|3-11:0.0590%|10-6:0.0580%|10-10:0.0510%|8-9:0.0510%|11-5:0.0470%|12-1:0.0470%|6-10:0.0470%|0-10:0.0450%|9-8:0.0430%|12-2:0.0420%|12-4:0.0410%|10-7:0.0390%|6-11:0.0360%|7-10:0.0360%|5-11:0.0350%|10-8:0.0310%|12-3:0.0310%|3-12:0.0310%|0-11:0.0290%|11-0:0.0280%|1-12:0.0260%|12-5:0.0260%|11-6:0.0260%|2-12:0.0260%|12-0:0.0230%|4-12:0.0230%|8-10:0.0210%|13-2:0.0210%|5-12:0.0190%|6-12:0.0180%|12-6:0.0170%|4-13:0.0170%|13-3:0.0170%|13-1:0.0170%|10-9:0.0170%|1-13:0.0150%|12-7:0.0150%|3-13:0.0150%|7-11:0.0140%|11-7:0.0140%|11-8:0.0130%|13-4:0.0130%|2-13:0.0130%|2-14:0.0130%|14-3:0.0120%|13-0:0.0120%|0-12:0.0110%|12-8:0.0110%|11-9:0.0100%|9-10:0.0100%|6-13:0.0100%|11-11:0.0100%|13-5:0.0100%|14-2:0.0090%|13-7:0.0090%|8-11:0.0070%|7-12:0.0070%|5-13:0.0070%|14-1:0.0060%|13-6:0.0060%|14-4:0.0060%|9-11:0.0050%|8-12:0.0050%|3-14:0.0050%|7-13:0.0050%|14-7:0.0050%|16-1:0.0040%|15-5:0.0040%|14-0:0.0040%|0-13:0.0040%|14-5:0.0040%|0-14:0.0040%|10-11:0.0040%|1-14:0.0040%|12-12:0.0040%|6-14:0.0040%|15-4:0.0030%|13-9:0.0030%|4-14:0.0030%|12-10:0.0030%|9-12:0.0030%|11-12:0.0030%|2-17:0.0020%|8-13:0.0020%|7-14:0.0020%|11-10:0.0020%|1-15:0.0020%|6-15:0.0020%|15-2:0.0020%|3-16:0.0020%|14-9:0.0020%|12-9:0.0020%|15-6:0.0020%|13-8:0.0020%|14-10:0.0020%|16-4:0.0020%|16-6:0.0010%|16-3:0.0010%|15-1:0.0010%|17-5:0.0010%|10-13:0.0010%|7-16:0.0010%|16-10:0.0010%|9-13:0.0010%|13-13:0.0010%|15-11:0.0010%|14-14:0.0010%|2-16:0.0010%|13-11:0.0010%|15-8:0.0010%|7-15:0.0010%|15-3:0.0010%|10-12:0.0010%|9-14:0.0010%|9-15:0.0010%|15-7:0.0010%|8-14:0.0010%|4-16:0.0010%|17-1:0.0010%
9,2026-05-07 00:00:00,22h30,Psicologia,Ciências do Mar,443.0,0.0,538.0,0.0,26.2720,17.4780,56.2500,2.83,2.06,4.18,2.67,100000,2,A,3-3:3.8270%|4-4:3.3620%|2-2:3.2720%|2-3:3.2420%|1-3:3.1160%|1-2:3.0990%|2-4:2.8070%|1-4:2.6750%|3-2:2.5180%|2-1:2.3400%|3-4:2.2630%|5-5:2.2540%|2-5:2.2280%|1-5:2.1730%|1-1:1.8900%|3-1:1.8080%|0-3:1.7980%|3-5:1.7960%|4-2:1.7850%|4-3:1.7730%|2-6:1.6920%|1-6:1.6760%|0-2:1.6640%|0-4:1.4320%|3-6:1.4260%|4-5:1.3280%|6-6:1.3090%|4-1:1.2580%|0-1:1.2360%|2-7:1.2300%|0-5:1.1960%|1-7:1.1740%|5-3:1.1670%|5-2:1.0930%|5-4:1.0480%|3-7:1.0450%|0-6:0.9770%|4-6:0.9510%|2-8:0.9280%|1-8:0.9220%|1-0:0.9210%|5-1:0.8550%|2-0:0.8470%|3-8:0.7430%|4-7:0.7240%|6-2:0.7200%|6-3:0.7140%|0-7:0.6900%|3-0:0.6830%|6-4:0.6410%|5-6:0.6280%|7-7:0.6230%|2-9:0.6080%|1-9:0.5940%|6-1:0.5310%|6-5:0.5150%|0-0:0.5070%|4-8:0.4960%|4-0:0.4910%|0-8:0.4720%|3-9:0.4650%|5-7:0.4370%|7-2:0.4030%|1-10:0.3970%|2-10:0.3840%|7-3:0.3840%|4-9:0.3580%|5-8:0.3430%|3-10:0.3410%|5-0:0.3410%|0-9:0.3390%|7-4:0.3310%|7-1:0.2810%|7-5:0.2780%|8-8:0.2760%|6-7:0.2640%|2-11:0.2360%|1-11:0.2300%|5-9:0.2210%|7-6:0.2120%|4-10:0.2090%|0-10:0.1990%|6-8:0.1940%|8-3:0.1890%|3-11:0.1840%|6-0:0.1840%|8-4:0.1830%|8-2:0.1730%|5-10:0.1490%|4-11:0.1470%|0-11:0.1430%|6-9:0.1400%|1-12:0.1340%|2-12:0.1310%|7-0:0.1290%|8-1:0.1240%|8-5:0.1220%|3-12:0.1200%|7-8:0.1140%|5-11:0.0980%|8-6:0.0980%|9-9:0.0950%|9-3:0.0920%|9-2:0.0880%|8-7:0.0840%|2-13:0.0810%|9-1:0.0800%|6-10:0.0800%|9-4:0.0800%|7-9:0.0760%|0-12:0.0730%|9-5:0.0660%|1-13:0.0650%|10-2:0.0640%|4-12:0.0620%|9-6:0.0570%|6-11:0.0510%|0-13:0.0500%|10-4:0.0480%|10-3:0.0450%|5-12:0.0450%|3-13:0.0440%|8-9:0.0440%|10-10:0.0430%|4-13:0.0420%|8-0:0.0390%|7-10:0.0360%|10-5:0.0350%|1-14:0.0340%|9-7:0.0320%|6-12:0.0320%|7-11:0.0310%|10-1:0.0290%|8-10:0.0280%|5-13:0.0260%|9-0:0.0260%|2-14:0.0240%|10-6:0.0240%|10-7:0.0230%|9-8:0.0210%|7-12:0.0200%|11-2:0.0200%|4-14:0.0190%|3-14:0.0190%|11-5:0.0180%|1-15:0.0180%|0-14:0.0170%|11-1:0.0160%|8-11:0.0160%|2-15:0.0150%|11-3:0.0150%|11-11:0.0140%|4-15:0.0140%|6-13:0.0130%|10-8:0.0110%|3-15:0.0110%|5-15:0.0100%|10-9:0.0100%|10-0:0.0090%|12-4:0.0080%|11-4:0.0080%|5-14:0.0080%|2-16:0.0080%|6-14:0.0080%|12-5:0.0080%|9-11:0.0080%|9-10:0.0070%|13-2:0.0070%|11-6:0.0070%|3-16:0.0070%|0-17:0.0070%|1-16:0.0060%|7-13:0.0060%|8-12:0.0060%|12-3:0.0060%|0-15:0.0060%|12-2:0.0060%|4-16:0.0050%|8-13:0.0050%|12-12:0.0050%|14-3:0.0050%|7-15:0.0050%|11-7:0.0050%|11-0:0.0050%|6-15:0.0040%|13-1:0.0040%|2-17:0.0040%|9-12:0.0040%|5-17:0.0030%|12-1:0.0030%|11-9:0.0030%|7-16:0.0030%|3-17:0.0030%|13-4:0.0030%|11-8:0.0020%|14-4:0.0020%|14-2:0.0020%|0-16:0.0020%|4-17:0.0020%|12-6:0.0020%|13-5:0.0020%|10-12:0.0020%|12-0:0.0020%|10-11:0.0020%|9-13:0.0020%|1-17:0.0020%|12-7:0.0020%|7-14:0.0020%|12-9:0.0020%|3-18:0.0010%|9-15:0.0010%|13-7:0.0010%|14-1:0.0010%|11-14:0.0010%|8-14:0.0010%|0-19:0.0010%|0-18:0.0010%|6-17:0.0010%|11-10:0.0010%|11-13:0.0010%|5-16:0.0010%|10-15:0.0010%|4-18:0.0010%|0-21:0.0010%|15-1:0.0010%|14-8:0.0010%|2-18:0.0010%|13-8:0.0010%|4-19:0.0010%|8-18:0.0010%|9-16:0.0010%|6-16:0.0010%|5-19:0.0010%|13-13:0.0010%|10-14:0.0010%|6-18:0.0010%|8-16:0.0010%
9,2026-05-11 00:00:00,21h00,Biologia,Línguas e Relações Empresariais,251.0,0.0,531.0,0.0,6.5230,7.2730,86.2040,1.40,1.43,5.65,3.35,100000,2,B,1-3:4.1210%|1-4:4.1140%|0-3:4.0930%|0-4:4.0070%|0-5:3.6780%|1-5:3.6760%|1-2:3.4280%|0-2:3.3720%|1-6:3.1690%|0-6:3.1130%|1-7:2.7180%|0-7:2.5990%|2-4:2.5310%|2-3:2.5210%|2-5:2.2560%|0-8:2.1980%|1-8:2.0930%|0-1:2.0730%|2-6:1.9320%|1-9:1.7790%|0-9:1.6890%|2-7:1.6620%|3-3:1.5390%|2-2:1.3690%|0-10:1.3450%|4-4:1.3140%|1-10:1.3000%|3-4:1.2830%|2-8:1.2660%|2-1:1.2590%|3-5:1.0860%|1-11:1.0730%|2-9:1.0690%|3-2:1.0080%|0-11:0.9920%|5-5:0.9830%|3-6:0.9450%|1-1:0.8380%|2-10:0.8190%|1-12:0.7590%|3-7:0.7490%|1-0:0.7140%|0-12:0.6920%|3-8:0.6480%|3-1:0.6140%|2-11:0.5900%|6-6:0.5460%|1-13:0.5400%|3-9:0.5080%|4-3:0.4960%|4-5:0.4500%|2-12:0.4480%|0-13:0.4450%|4-2:0.4430%|2-0:0.4300%|3-10:0.4170%|4-6:0.4030%|1-14:0.3550%|3-11:0.3400%|4-7:0.3360%|0-14:0.3120%|2-13:0.2940%|4-8:0.2750%|7-7:0.2670%|4-1:0.2480%|3-12:0.2220%|2-14:0.2160%|5-4:0.2120%|0-0:0.2110%|4-9:0.2080%|1-15:0.2030%|3-0:0.2000%|0-15:0.1940%|5-2:0.1700%|4-10:0.1650%|5-3:0.1630%|3-13:0.1600%|5-6:0.1500%|8-8:0.1460%|0-16:0.1400%|1-16:0.1390%|2-15:0.1240%|4-11:0.1230%|5-7:0.1200%|5-1:0.0910%|5-8:0.0900%|5-9:0.0860%|4-12:0.0840%|3-14:0.0790%|1-17:0.0730%|4-0:0.0720%|2-16:0.0680%|6-4:0.0650%|0-17:0.0620%|3-15:0.0580%|6-5:0.0540%|5-10:0.0510%|4-13:0.0500%|3-16:0.0460%|6-3:0.0460%|9-9:0.0450%|5-11:0.0450%|2-17:0.0440%|1-18:0.0430%|6-2:0.0430%|6-7:0.0410%|4-14:0.0390%|5-0:0.0360%|5-12:0.0340%|6-8:0.0330%|6-1:0.0320%|5-13:0.0280%|3-17:0.0270%|0-18:0.0270%|6-9:0.0260%|6-11:0.0220%|2-18:0.0210%|4-15:0.0200%|7-3:0.0190%|2-19:0.0180%|1-19:0.0170%|4-16:0.0170%|5-14:0.0150%|7-5:0.0150%|0-19:0.0150%|7-4:0.0140%|7-8:0.0140%|7-1:0.0140%|7-9:0.0130%|6-10:0.0130%|7-6:0.0130%|3-18:0.0120%|10-10:0.0110%|5-15:0.0110%|6-12:0.0110%|6-0:0.0110%|0-20:0.0100%|4-18:0.0090%|7-2:0.0090%|6-13:0.0080%|1-20:0.0080%|5-16:0.0070%|3-19:0.0050%|7-10:0.0050%|8-6:0.0050%|4-17:0.0050%|1-21:0.0040%|7-13:0.0040%|8-2:0.0040%|7-11:0.0040%|8-7:0.0040%|3-20:0.0040%|6-14:0.0040%|2-20:0.0040%|8-9:0.0030%|6-16:0.0030%|8-3:0.0030%|7-0:0.0030%|11-11:0.0030%|1-23:0.0030%|0-21:0.0030%|6-15:0.0020%|0-22:0.0020%|5-17:0.0020%|9-2:0.0020%|1-22:0.0020%|8-15:0.0020%|5-18:0.0020%|7-12:0.0020%|8-1:0.0020%|2-21:0.0020%|0-23:0.0020%|7-15:0.0020%|8-5:0.0020%|4-19:0.0020%|2-24:0.0020%|10-1:0.0010%|9-6:0.0010%|8-11:0.0010%|9-7:0.0010%|4-20:0.0010%|8-12:0.0010%|3-21:0.0010%|9-1:0.0010%|9-4:0.0010%|10-5:0.0010%|8-13:0.0010%|9-13:0.0010%|8-4:0.0010%|7-18:0.0010%|6-18:0.0010%|12-12:0.0010%|6-17:0.0010%
9,2026-05-11 00:00:00,22h00,Eng. e Gestão Industrial B,Tradução,775.0,0.0,188.0,0.0,99.0370,0.7920,0.1710,7.59,4.29,0.22,0.56,100000,2,B,5-0:8.4210%|4-0:8.2200%|6-0:7.9830%|7-0:7.1100%|3-0:7.0350%|8-0:6.3760%|9-0:5.4670%|2-0:4.7600%|10-0:4.7280%|11-0:4.1490%|12-0:3.6000%|13-0:2.8720%|14-0:2.3480%|1-0:2.2080%|15-0:1.8750%|5-1:1.7190%|4-1:1.5890%|6-1:1.5100%|7-1:1.4410%|3-1:1.3890%|16-0:1.3630%|8-1:1.2490%|9-1:1.1450%|17-0:1.0700%|2-1:0.9950%|10-1:0.9910%|11-1:0.8100%|18-0:0.7400%|12-1:0.6970%|13-1:0.5730%|19-0:0.4740%|14-1:0.4510%|15-1:0.3870%|20-0:0.3120%|16-1:0.2900%|21-0:0.1900%|17-1:0.1880%|4-2:0.1790%|5-2:0.1770%|3-3:0.1690%|6-2:0.1600%|18-1:0.1490%|4-4:0.1480%|2-2:0.1400%|3-2:0.1370%|8-2:0.1260%|22-0:0.1250%|9-2:0.1250%|7-2:0.1200%|5-5:0.1180%|19-1:0.1080%|10-2:0.1060%|0-1:0.1050%|11-2:0.0860%|1-1:0.0840%|12-2:0.0800%|20-1:0.0690%|6-6:0.0670%|23-0:0.0650%|13-2:0.0510%|14-2:0.0480%|1-2:0.0440%|15-2:0.0410%|24-0:0.0380%|21-1:0.0360%|16-2:0.0350%|7-7:0.0300%|22-1:0.0210%|25-0:0.0190%|23-1:0.0160%|0-0:0.0150%|17-2:0.0150%|26-0:0.0150%|18-2:0.0140%|4-3:0.0140%|8-8:0.0140%|27-0:0.0140%|6-3:0.0130%|5-3:0.0120%|19-2:0.0110%|0-2:0.0110%|10-3:0.0090%|24-1:0.0080%|8-3:0.0080%|9-9:0.0070%|11-3:0.0070%|2-3:0.0060%|9-3:0.0060%|7-3:0.0060%|12-3:0.0060%|21-2:0.0050%|25-1:0.0040%|20-2:0.0040%|23-2:0.0040%|14-3:0.0030%|1-3:0.0030%|28-0:0.0020%|7-4:0.0020%|13-3:0.0020%|29-1:0.0020%|16-3:0.0010%|2-4:0.0010%|26-1:0.0010%|20-4:0.0010%|27-1:0.0010%|26-2:0.0010%|30-1:0.0010%|25-2:0.0010%|1-4:0.0010%|11-4:0.0010%|22-2:0.0010%
9,2026-05-11 00:00:00,23h00,Eng. do Ambiente,Gestão,460.0,0.0,712.0,0.0,8.8160,8.3970,82.7870,1.63,1.54,5.42,3.23,100000,2,B,1-3:4.1510%|1-4:3.9390%|1-5:3.6030%|1-2:3.5820%|0-4:3.4820%|0-3:3.4810%|0-5:3.0950%|1-6:3.0570%|0-2:2.9750%|2-3:2.9260%|2-4:2.8410%|0-6:2.5990%|1-7:2.4820%|2-5:2.4100%|0-7:2.1700%|2-6:2.0890%|1-8:2.0380%|0-1:1.8420%|3-3:1.8390%|2-7:1.7710%|0-8:1.7130%|2-2:1.5640%|1-9:1.5380%|2-1:1.5230%|4-4:1.5070%|3-4:1.4690%|2-8:1.4210%|3-5:1.3840%|0-9:1.3710%|3-2:1.3300%|1-10:1.1790%|3-6:1.1660%|5-5:1.1150%|2-9:1.0760%|0-10:1.0600%|1-1:0.9430%|3-7:0.9070%|1-11:0.8500%|2-10:0.8460%|3-1:0.7960%|3-8:0.7530%|4-3:0.7350%|0-11:0.7320%|1-0:0.6980%|6-6:0.6350%|4-2:0.6240%|4-5:0.6150%|1-12:0.6080%|3-9:0.5950%|4-6:0.5830%|2-11:0.5490%|0-12:0.5430%|4-7:0.4650%|2-0:0.4410%|3-10:0.4270%|2-12:0.4070%|4-1:0.3910%|1-13:0.3850%|4-8:0.3700%|0-13:0.3440%|7-7:0.3250%|5-4:0.3250%|3-11:0.3170%|5-3:0.3060%|4-9:0.2750%|3-0:0.2700%|0-0:0.2550%|5-2:0.2540%|2-13:0.2530%|1-14:0.2450%|3-12:0.2430%|4-10:0.2200%|0-14:0.2180%|5-6:0.1910%|2-14:0.1750%|5-7:0.1710%|4-11:0.1630%|1-15:0.1620%|5-1:0.1600%|3-13:0.1510%|0-15:0.1390%|8-8:0.1330%|5-9:0.1330%|5-8:0.1310%|6-3:0.1260%|2-15:0.1110%|4-0:0.1060%|6-4:0.1060%|1-16:0.1030%|6-2:0.1020%|6-5:0.0980%|3-14:0.0960%|4-12:0.0920%|6-7:0.0830%|4-13:0.0820%|5-10:0.0720%|0-16:0.0710%|6-1:0.0670%|5-11:0.0660%|3-15:0.0600%|2-16:0.0590%|6-9:0.0510%|5-12:0.0510%|9-9:0.0480%|5-0:0.0460%|7-3:0.0460%|1-17:0.0440%|0-17:0.0430%|2-17:0.0420%|6-8:0.0410%|7-6:0.0390%|4-14:0.0380%|7-4:0.0360%|1-18:0.0280%|7-2:0.0280%|3-16:0.0280%|5-13:0.0270%|7-1:0.0260%|7-5:0.0250%|6-11:0.0250%|4-15:0.0230%|10-10:0.0230%|5-14:0.0220%|4-16:0.0210%|7-9:0.0200%|6-10:0.0190%|8-3:0.0190%|2-18:0.0180%|0-18:0.0180%|6-12:0.0160%|6-0:0.0160%|5-15:0.0160%|7-8:0.0160%|1-19:0.0160%|3-17:0.0150%|6-13:0.0130%|6-14:0.0120%|7-10:0.0120%|8-5:0.0100%|8-4:0.0100%|7-12:0.0080%|8-2:0.0080%|0-20:0.0080%|0-19:0.0080%|8-9:0.0070%|4-18:0.0070%|8-6:0.0070%|7-11:0.0070%|11-11:0.0060%|9-5:0.0060%|3-18:0.0060%|8-7:0.0060%|8-10:0.0060%|9-4:0.0050%|8-11:0.0050%|0-21:0.0050%|9-6:0.0050%|6-15:0.0040%|9-3:0.0040%|3-19:0.0040%|7-15:0.0040%|2-21:0.0040%|5-16:0.0040%|7-14:0.0040%|4-17:0.0040%|8-1:0.0040%|12-12:0.0030%|4-19:0.0030%|7-0:0.0030%|6-16:0.0030%|5-17:0.0030%|7-13:0.0030%|9-7:0.0030%|1-21:0.0020%|5-19:0.0020%|9-10:0.0020%|9-11:0.0020%|2-20:0.0020%|2-19:0.0020%|8-14:0.0020%|1-20:0.0020%|10-3:0.0020%|4-20:0.0020%|9-1:0.0020%|9-14:0.0010%|1-22:0.0010%|8-12:0.0010%|3-23:0.0010%|6-17:0.0010%|8-13:0.0010%|7-16:0.0010%|2-22:0.0010%|6-18:0.0010%|3-21:0.0010%|3-20:0.0010%|10-5:0.0010%|6-21:0.0010%|11-1:0.0010%|9-12:0.0010%|5-18:0.0010%|6-20:0.0010%|14-14:0.0010%|6-19:0.0010%
7,,,Gestão,Tradução,708.5,32.9,187.6,6.4,98.3620,1.4270,0.2110,7.39,4.22,0.24,0.63,100000,2,B,4-0:8.6460%|5-0:8.4910%|6-0:7.9100%|3-0:7.2900%|7-0:7.0080%|8-0:6.0580%|9-0:5.4840%|2-0:4.9160%|10-0:4.7310%|11-0:3.8970%|12-0:3.3570%|13-0:2.7540%|1-0:2.3690%|14-0:2.3570%|4-1:1.7490%|15-0:1.7090%|5-1:1.6990%|6-1:1.6340%|3-1:1.4370%|7-1:1.4050%|8-1:1.2880%|16-0:1.2680%|9-1:1.0920%|17-0:0.9810%|2-1:0.9570%|10-1:0.9270%|11-1:0.7990%|12-1:0.7150%|18-0:0.6440%|13-1:0.4930%|14-1:0.4590%|19-0:0.4150%|15-1:0.3490%|3-3:0.3250%|4-4:0.2720%|20-0:0.2700%|2-2:0.2680%|16-1:0.2510%|17-1:0.1880%|3-2:0.1790%|5-5:0.1740%|21-0:0.1680%|4-2:0.1670%|1-1:0.1610%|5-2:0.1580%|8-2:0.1570%|6-2:0.1540%|7-2:0.1400%|0-1:0.1290%|18-1:0.1270%|9-2:0.1170%|22-0:0.1130%|10-2:0.1070%|6-6:0.0920%|11-2:0.0840%|19-1:0.0760%|23-0:0.0630%|12-2:0.0570%|20-1:0.0550%|1-2:0.0550%|7-7:0.0530%|15-2:0.0490%|13-2:0.0480%|0-0:0.0440%|16-2:0.0370%|24-0:0.0350%|14-2:0.0310%|21-1:0.0280%|8-8:0.0210%|6-3:0.0190%|22-1:0.0180%|25-0:0.0140%|17-2:0.0130%|26-0:0.0130%|4-3:0.0120%|18-2:0.0120%|19-2:0.0120%|5-3:0.0110%|0-2:0.0110%|2-3:0.0100%|9-9:0.0100%|10-3:0.0100%|23-1:0.0090%|7-3:0.0080%|11-3:0.0070%|12-3:0.0060%|20-2:0.0050%|11-11:0.0050%|24-1:0.0040%|9-3:0.0040%|8-3:0.0040%|1-3:0.0040%|30-0:0.0030%|14-3:0.0030%|25-1:0.0030%|21-2:0.0030%|26-1:0.0030%|13-3:0.0030%|23-2:0.0020%|15-3:0.0020%|29-0:0.0020%|16-3:0.0020%|27-0:0.0020%|1-4:0.0010%|9-4:0.0010%|10-4:0.0010%|10-10:0.0010%|28-0:0.0010%|19-3:0.0010%|12-12:0.0010%|24-2:0.0010%|3-4:0.0010%|25-2:0.0010%
1ºFase,-,-,Eng. Química,Gestão,857.0,0.0,717.9,16.6,75.7107,0.0000,24.2893,4.63,2.90,2.28,1.87,91184,1,,3-1:4.2496%|2-1:3.9492%|4-1:3.8724%|3-2:3.7715%|4-2:3.4118%|5-1:3.1398%|5-2:2.8931%|2-3:2.7033%|3-0:2.5849%|1-2:2.5805%|2-0:2.5739%|4-3:2.5706%|4-0:2.3535%|6-1:2.3513%|6-2:2.2954%|5-3:2.0541%|5-0:1.9006%|1-3:1.8951%|1-0:1.8556%|7-1:1.8534%|2-4:1.7470%|3-4:1.7163%|7-2:1.6878%|6-3:1.6209%|6-0:1.4970%|8-1:1.4202%|5-4:1.3423%|8-2:1.2667%|7-3:1.2316%|1-4:1.2042%|7-0:1.1658%|2-5:1.0451%|3-5:1.0418%|0-1:1.0276%|6-4:1.0122%|0-2:0.9980%|9-1:0.9782%|8-3:0.9366%|4-5:0.9146%|9-2:0.9092%|8-0:0.8708%|7-4:0.8510%|1-5:0.6931%|0-3:0.6887%|6-5:0.6602%|10-1:0.6591%|9-0:0.6130%|8-4:0.5944%|9-3:0.5944%|3-6:0.5692%|10-2:0.5538%|2-6:0.5341%|0-4:0.5078%|7-5:0.4650%|4-6:0.4606%|9-4:0.4288%|11-1:0.4156%|10-3:0.4124%|5-6:0.4091%|10-0:0.3992%|11-2:0.3926%|1-6:0.3871%|8-5:0.3268%|3-7:0.2961%|2-7:0.2851%|10-4:0.2797%|0-5:0.2753%|11-3:0.2742%|12-1:0.2720%|4-7:0.2621%|11-0:0.2435%|9-5:0.2358%|7-6:0.2358%|5-7:0.2336%|12-2:0.2007%|11-4:0.1996%|8-6:0.1875%|1-7:0.1831%|6-7:0.1744%|12-3:0.1623%|10-5:0.1502%|0-6:0.1481%|13-1:0.1470%|3-8:0.1437%|12-0:0.1371%|9-6:0.1349%|13-2:0.1283%|12-4:0.1272%|4-8:0.1195%|2-8:0.1162%|11-5:0.1020%|8-7:0.1020%|14-1:0.0965%|13-0:0.0954%|1-8:0.0823%|10-6:0.0823%|13-3:0.0801%|5-8:0.0779%|13-4:0.0779%|6-8:0.0735%|0-7:0.0691%|9-7:0.0647%|11-6:0.0636%|7-8:0.0614%|12-5:0.0603%|14-2:0.0570%|3-9:0.0559%|10-7:0.0548%|4-9:0.0526%|2-9:0.0461%|14-0:0.0428%|14-3:0.0417%|5-9:0.0395%|14-4:0.0395%|13-5:0.0395%|1-9:0.0395%|15-1:0.0362%|9-8:0.0351%|15-2:0.0351%|12-6:0.0329%|6-9:0.0296%|3-10:0.0296%|11-7:0.0285%|0-8:0.0263%|4-10:0.0252%|8-9:0.0252%|16-1:0.0219%|13-6:0.0197%|7-9:0.0197%|15-4:0.0186%|2-10:0.0175%|15-0:0.0175%|11-8:0.0175%|10-8:0.0165%|15-3:0.0165%|14-5:0.0165%|5-10:0.0154%|6-10:0.0143%|15-5:0.0143%|16-2:0.0143%|16-0:0.0132%|0-9:0.0132%|12-7:0.0132%|1-10:0.0121%|17-2:0.0110%|13-7:0.0110%|7-10:0.0099%|1-11:0.0099%|2-11:0.0088%|16-3:0.0088%|16-4:0.0088%|5-11:0.0088%|16-5:0.0088%|4-11:0.0077%|10-9:0.0077%|4-12:0.0066%|15-6:0.0066%|11-10:0.0066%|2-12:0.0066%|3-11:0.0066%|9-10:0.0055%|11-9:0.0055%|17-0:0.0055%|18-2:0.0044%|17-1:0.0044%|3-12:0.0044%|18-3:0.0044%|8-10:0.0044%|19-2:0.0033%|16-6:0.0033%|14-6:0.0033%|14-7:0.0033%|12-8:0.0033%|17-3:0.0033%|0-10:0.0033%|0-12:0.0022%|17-4:0.0022%|1-12:0.0022%|13-9:0.0022%|13-8:0.0022%|6-11:0.0022%|15-7:0.0022%|15-8:0.0022%|19-0:0.0022%|10-11:0.0022%|5-12:0.0011%|6-12:0.0011%|15-9:0.0011%|18-12:0.0011%|12-9:0.0011%|11-12:0.0011%|6-13:0.0011%|8-12:0.0011%|12-10:0.0011%|5-13:0.0011%|20-0:0.0011%|20-2:0.0011%|22-0:0.0011%|19-3:0.0011%|18-10:0.0011%|19-1:0.0011%|18-0:0.0011%|9-11:0.0011%|7-11:0.0011%|14-9:0.0011%|17-5:0.0011%|16-7:0.0011%|1-14:0.0011%|4-14:0.0011%|2-13:0.0011%
1ºFase,-,-,Marketing,Música,762.0,0.0,730.7,3.2,56.3592,0.0000,43.6408,3.70,2.54,3.15,2.31,42254,1,,3-2:3.8008%|2-1:3.6920%|2-3:3.6304%|3-1:3.5192%|1-2:3.3346%|4-2:3.1831%|1-3:2.8210%|4-1:2.7926%|4-3:2.6104%|2-4:2.5938%|5-2:2.4187%|3-4:2.3950%|1-4:2.2081%|5-1:2.1252%|5-3:1.9714%|2-0:1.8389%|2-5:1.8365%|3-5:1.8152%|3-0:1.7205%|6-2:1.6874%|1-0:1.5430%|6-1:1.5288%|1-5:1.5241%|5-4:1.5194%|4-5:1.4933%|6-3:1.4626%|0-2:1.4295%|0-1:1.3774%|0-3:1.3561%|4-0:1.3537%|2-6:1.2543%|7-2:1.2378%|3-6:1.2046%|5-0:1.0532%|6-4:1.0461%|7-3:1.0413%|7-1:1.0295%|1-6:0.9964%|4-6:0.9916%|0-4:0.9348%|7-4:0.8023%|8-2:0.7810%|2-7:0.7573%|6-5:0.7479%|3-7:0.7408%|6-0:0.7384%|0-5:0.7313%|5-6:0.6698%|8-3:0.6627%|1-7:0.6603%|8-1:0.6579%|7-5:0.6082%|4-7:0.5656%|8-4:0.5136%|7-0:0.4852%|5-7:0.4591%|3-8:0.4591%|9-2:0.4520%|0-6:0.4449%|9-3:0.4307%|9-1:0.3810%|8-5:0.3810%|7-6:0.3739%|2-8:0.3716%|1-8:0.3692%|6-7:0.3692%|4-8:0.3195%|9-4:0.3148%|8-0:0.2982%|10-2:0.2674%|8-6:0.2390%|2-9:0.2367%|10-1:0.2248%|5-8:0.2248%|6-8:0.2248%|3-9:0.2225%|0-7:0.2201%|10-3:0.2177%|9-5:0.1846%|0-8:0.1846%|4-9:0.1751%|9-6:0.1633%|1-9:0.1633%|9-0:0.1515%|5-9:0.1515%|10-4:0.1467%|11-2:0.1467%|7-8:0.1325%|11-3:0.1325%|2-10:0.1136%|11-1:0.1136%|1-10:0.1112%|10-5:0.1112%|8-7:0.1112%|10-0:0.1112%|6-9:0.1089%|4-10:0.1089%|3-10:0.1041%|10-6:0.0899%|0-9:0.0876%|9-7:0.0828%|11-4:0.0828%|9-8:0.0828%|12-2:0.0734%|2-11:0.0710%|5-10:0.0710%|6-10:0.0663%|0-10:0.0639%|8-9:0.0615%|1-11:0.0592%|12-3:0.0568%|12-1:0.0521%|11-0:0.0521%|4-11:0.0473%|3-11:0.0473%|11-5:0.0450%|7-9:0.0450%|10-8:0.0426%|12-5:0.0426%|12-4:0.0426%|5-11:0.0402%|10-7:0.0379%|11-6:0.0379%|13-2:0.0355%|10-9:0.0331%|12-0:0.0308%|2-12:0.0308%|11-7:0.0260%|13-3:0.0260%|1-12:0.0237%|6-11:0.0237%|2-13:0.0237%|3-12:0.0237%|13-1:0.0237%|13-0:0.0213%|7-10:0.0213%|4-12:0.0213%|14-4:0.0189%|12-6:0.0189%|0-11:0.0189%|14-1:0.0189%|5-12:0.0189%|14-3:0.0166%|8-10:0.0166%|9-10:0.0166%|0-12:0.0142%|7-11:0.0142%|12-7:0.0142%|13-4:0.0118%|13-5:0.0118%|0-13:0.0095%|14-2:0.0095%|11-9:0.0095%|4-13:0.0095%|11-8:0.0095%|12-9:0.0071%|2-14:0.0071%|15-3:0.0071%|8-12:0.0071%|6-12:0.0071%|1-13:0.0071%|7-12:0.0047%|6-13:0.0047%|12-8:0.0047%|17-2:0.0047%|8-13:0.0047%|9-11:0.0047%|7-13:0.0047%|13-9:0.0047%|3-13:0.0047%|10-11:0.0047%|16-3:0.0047%|14-0:0.0047%|15-2:0.0047%|16-2:0.0047%|8-11:0.0047%|5-13:0.0047%|15-0:0.0047%|14-8:0.0024%|0-14:0.0024%|15-4:0.0024%|14-5:0.0024%|12-10:0.0024%|14-6:0.0024%|7-14:0.0024%|13-7:0.0024%|8-14:0.0024%|3-16:0.0024%|18-1:0.0024%|11-12:0.0024%|13-8:0.0024%|4-16:0.0024%|15-9:0.0024%|6-14:0.0024%|0-16:0.0024%|1-14:0.0024%|4-15:0.0024%|9-13:0.0024%|15-1:0.0024%
Quartos,-,-,Eng. Computadores e Telemática,Eng. Mecânica,846.0,0.0,1195.0,0.0,2.5370,0.0000,97.4630,0.72,0.91,6.13,3.51,100000,1,,0-4:6.4390%|0-3:6.2210%|0-5:5.7930%|0-6:5.2610%|0-2:4.8250%|0-7:4.4130%|1-4:4.3070%|1-3:3.9890%|1-5:3.9560%|0-8:3.6680%|1-6:3.4340%|1-2:3.2310%|0-9:3.0550%|0-1:2.9180%|1-7:2.8390%|1-8:2.4420%|0-10:2.4060%|1-9:1.9970%|0-11:1.8860%|2-4:1.6980%|2-3:1.6350%|1-10:1.5570%|2-5:1.5160%|0-12:1.3480%|2-6:1.2770%|1-11:1.1690%|2-7:1.0920%|0-13:1.0570%|2-8:0.9120%|1-12:0.8880%|2-9:0.7680%|0-14:0.6990%|2-1:0.6910%|1-13:0.6610%|2-10:0.6230%|1-0:0.5550%|3-4:0.5050%|2-11:0.4950%|0-15:0.4900%|1-14:0.4710%|3-5:0.4340%|3-6:0.3920%|3-2:0.3850%|3-7:0.3640%|2-12:0.3520%|1-15:0.3000%|3-8:0.2920%|0-16:0.2690%|2-13:0.2410%|3-9:0.2250%|2-0:0.2100%|3-10:0.1990%|3-1:0.1890%|1-16:0.1830%|2-14:0.1700%|0-17:0.1600%|3-11:0.1410%|4-3:0.1290%|4-6:0.1120%|4-2:0.1110%|4-5:0.1110%|2-15:0.1110%|3-12:0.1040%|1-17:0.0980%|2-16:0.0960%|0-18:0.0900%|4-7:0.0850%|3-13:0.0800%|1-18:0.0780%|4-8:0.0700%|3-0:0.0610%|3-14:0.0580%|4-9:0.0560%|0-19:0.0560%|4-1:0.0520%|3-15:0.0520%|4-10:0.0470%|2-17:0.0360%|5-2:0.0330%|4-11:0.0320%|5-4:0.0320%|3-16:0.0300%|1-19:0.0290%|5-3:0.0260%|0-20:0.0260%|4-12:0.0230%|2-18:0.0220%|4-13:0.0220%|1-20:0.0200%|3-17:0.0190%|4-0:0.0180%|0-21:0.0170%|5-9:0.0150%|4-14:0.0150%|5-1:0.0140%|5-10:0.0140%|5-7:0.0130%|5-8:0.0120%|5-6:0.0120%|2-19:0.0120%|6-3:0.0100%|0-22:0.0100%|5-11:0.0090%|4-17:0.0080%|5-12:0.0070%|4-16:0.0070%|3-20:0.0060%|4-15:0.0060%|1-21:0.0050%|1-22:0.0050%|2-20:0.0050%|5-13:0.0050%|5-0:0.0050%|3-18:0.0050%|6-10:0.0040%|0-24:0.0040%|6-8:0.0040%|2-21:0.0030%|4-18:0.0030%|6-11:0.0020%|7-2:0.0020%|6-7:0.0020%|6-4:0.0020%|7-12:0.0020%|6-2:0.0020%|7-4:0.0020%|6-14:0.0020%|2-22:0.0020%|7-8:0.0020%|6-9:0.0020%|3-21:0.0020%|7-13:0.0010%|1-24:0.0010%|7-6:0.0010%|6-13:0.0010%|8-1:0.0010%|7-3:0.0010%|6-1:0.0010%|7-1:0.0010%|3-22:0.0010%|0-25:0.0010%|5-14:0.0010%|7-5:0.0010%|6-5:0.0010%|7-9:0.0010%|3-19:0.0010%|2-23:0.0010%|5-17:0.0010%|4-20:0.0010%|6-0:0.0010%|6-12:0.0010%|0-23:0.0010%|5-18:0.0010%|6-16:0.0010%
Quartos,-,-,Eng. Computacional,Finanças,633.0,0.0,1062.0,0.0,0.3160,0.0000,99.6840,0.21,0.45,6.61,3.78,100000,1,,0-4:9.6860%|0-5:9.1270%|0-3:8.8690%|0-6:8.1850%|0-7:7.1110%|0-2:6.4820%|0-8:5.9980%|0-9:5.0910%|0-10:4.3810%|0-11:3.5100%|0-1:3.4870%|0-12:2.7960%|0-13:2.0670%|1-4:2.0300%|1-5:1.9400%|1-3:1.8410%|1-6:1.8340%|0-14:1.5940%|1-7:1.5590%|1-2:1.3530%|1-8:1.3100%|0-15:1.0790%|1-9:1.0500%|1-10:0.9060%|0-16:0.7570%|1-11:0.7000%|1-12:0.6210%|0-17:0.4770%|1-13:0.4330%|1-14:0.3190%|0-18:0.2960%|1-15:0.2280%|2-4:0.2230%|2-3:0.2100%|2-5:0.2080%|0-19:0.1960%|1-0:0.1950%|2-6:0.1940%|2-7:0.1700%|1-16:0.1570%|2-8:0.1280%|2-9:0.1150%|2-10:0.1140%|1-17:0.1070%|0-20:0.1010%|2-11:0.0870%|2-1:0.0750%|1-18:0.0680%|2-12:0.0610%|2-13:0.0600%|0-21:0.0490%|2-14:0.0360%|2-15:0.0270%|1-19:0.0250%|2-0:0.0230%|1-20:0.0230%|2-16:0.0220%|0-22:0.0200%|3-4:0.0140%|0-23:0.0130%|3-6:0.0120%|3-5:0.0110%|3-2:0.0110%|3-7:0.0100%|2-17:0.0100%|1-21:0.0090%|3-1:0.0090%|2-18:0.0080%|3-10:0.0070%|3-9:0.0070%|1-22:0.0060%|2-19:0.0060%|0-24:0.0060%|3-12:0.0050%|1-23:0.0040%|4-6:0.0040%|3-11:0.0040%|3-8:0.0040%|3-13:0.0030%|1-24:0.0030%|1-25:0.0020%|4-11:0.0020%|0-25:0.0020%|4-3:0.0020%|3-14:0.0020%|2-20:0.0020%|2-22:0.0020%|3-17:0.0010%|0-26:0.0010%|1-26:0.0010%|3-18:0.0010%|4-2:0.0010%|4-7:0.0010%|3-15:0.0010%|4-14:0.0010%|3-16:0.0010%
Quartos,-,-,Eng. de Materiais,Eng. e Gestão Industrial,669.2,30.3,1161.0,0.0,0.2480,0.0000,99.7520,0.19,0.44,7.05,4.01,100000,1,,0-4:9.2110%|0-5:8.9650%|0-6:8.2050%|0-3:8.0700%|0-7:7.1480%|0-8:6.3160%|0-2:5.6740%|0-9:5.3630%|0-10:4.6020%|0-11:3.8340%|0-12:3.1830%|0-1:2.8670%|0-13:2.4990%|0-14:1.9450%|1-4:1.8610%|1-5:1.7750%|1-6:1.6940%|1-3:1.6230%|0-15:1.4700%|1-7:1.3780%|1-8:1.2620%|1-2:1.1790%|0-16:1.0760%|1-9:1.0710%|1-10:0.9530%|1-11:0.7780%|0-17:0.7270%|1-12:0.6070%|1-13:0.4680%|0-18:0.4610%|1-14:0.3790%|0-19:0.3080%|1-15:0.2780%|1-16:0.2130%|2-5:0.1860%|2-4:0.1810%|2-6:0.1800%|0-20:0.1780%|1-17:0.1660%|2-3:0.1590%|1-0:0.1500%|2-7:0.1280%|2-8:0.1260%|0-21:0.1050%|2-9:0.0990%|1-18:0.0940%|2-10:0.0930%|2-11:0.0690%|2-12:0.0660%|2-1:0.0650%|0-22:0.0480%|1-19:0.0470%|1-20:0.0440%|2-13:0.0360%|0-23:0.0340%|2-14:0.0310%|1-21:0.0240%|2-15:0.0220%|2-0:0.0210%|0-24:0.0160%|2-17:0.0140%|3-5:0.0130%|3-4:0.0130%|3-6:0.0110%|2-16:0.0110%|3-10:0.0100%|3-2:0.0080%|2-18:0.0070%|2-20:0.0070%|3-8:0.0070%|1-22:0.0070%|0-25:0.0070%|3-7:0.0070%|3-11:0.0060%|2-21:0.0060%|1-23:0.0050%|2-19:0.0050%|3-9:0.0050%|3-12:0.0040%|3-1:0.0040%|3-17:0.0040%|1-24:0.0030%|4-9:0.0030%|3-14:0.0020%|1-26:0.0020%|3-16:0.0020%|2-24:0.0020%|2-22:0.0020%|0-26:0.0020%|3-19:0.0010%|4-11:0.0010%|4-5:0.0010%|1-25:0.0010%|0-29:0.0010%|1-27:0.0010%|4-7:0.0010%|3-13:0.0010%|4-8:0.0010%|3-18:0.0010%
Quartos,-,-,Contabilidade,Gestão e Planeamento em Turismo,1006.0,0.0,1064.0,0.0,38.7710,0.0000,61.2290,2.94,2.20,3.93,2.63,100000,1,,2-3:3.9350%|1-2:3.7920%|1-3:3.6300%|3-2:3.3640%|2-4:3.2840%|2-1:3.1910%|1-4:3.0270%|3-4:2.6820%|3-1:2.6270%|2-5:2.5750%|4-3:2.4370%|4-2:2.4180%|1-5:2.3540%|3-5:2.1590%|0-2:1.9470%|2-6:1.9450%|4-1:1.9130%|0-3:1.8420%|5-2:1.6980%|1-6:1.6930%|5-3:1.6550%|0-4:1.5400%|4-5:1.5210%|3-6:1.5010%|0-1:1.4840%|2-0:1.4080%|5-1:1.3710%|2-7:1.3690%|5-4:1.3170%|1-0:1.2770%|0-5:1.2380%|1-7:1.2150%|4-6:1.1650%|3-0:1.1270%|3-7:1.0930%|6-2:1.0880%|6-3:1.0230%|0-6:0.8770%|2-8:0.8740%|4-0:0.8580%|6-4:0.8510%|1-8:0.8310%|6-1:0.8300%|4-7:0.8250%|3-8:0.7920%|5-6:0.7650%|6-5:0.6650%|7-2:0.6330%|7-3:0.6050%|5-7:0.6000%|0-7:0.5970%|4-8:0.5690%|7-1:0.5420%|2-9:0.5400%|7-4:0.5310%|1-9:0.5120%|3-9:0.4960%|5-0:0.4910%|0-8:0.4340%|5-8:0.3900%|6-0:0.3660%|7-5:0.3600%|6-7:0.3510%|4-9:0.3450%|2-10:0.3290%|8-2:0.3130%|8-3:0.3040%|8-4:0.2890%|1-10:0.2860%|3-10:0.2800%|7-6:0.2770%|8-1:0.2760%|0-9:0.2670%|6-8:0.2350%|2-11:0.2240%|5-9:0.2130%|7-0:0.2110%|4-10:0.2040%|8-5:0.2020%|9-2:0.1900%|1-11:0.1610%|0-10:0.1600%|9-3:0.1570%|8-6:0.1530%|9-4:0.1490%|7-8:0.1480%|5-10:0.1370%|6-9:0.1320%|9-1:0.1290%|3-11:0.1290%|8-0:0.1270%|8-7:0.1180%|9-5:0.1010%|10-2:0.0980%|4-11:0.0970%|6-10:0.0960%|7-9:0.0950%|2-12:0.0890%|10-3:0.0860%|9-6:0.0840%|3-12:0.0810%|0-11:0.0790%|1-12:0.0770%|5-11:0.0750%|10-4:0.0690%|10-5:0.0680%|4-12:0.0630%|10-1:0.0620%|6-11:0.0610%|9-0:0.0590%|9-7:0.0520%|0-12:0.0500%|10-0:0.0470%|8-9:0.0470%|2-13:0.0450%|9-8:0.0440%|7-10:0.0440%|1-13:0.0420%|5-12:0.0400%|3-13:0.0400%|10-6:0.0380%|7-11:0.0360%|11-3:0.0350%|11-2:0.0340%|10-7:0.0330%|2-14:0.0320%|8-10:0.0280%|11-1:0.0280%|11-4:0.0270%|4-13:0.0260%|0-13:0.0230%|12-3:0.0230%|10-8:0.0220%|11-0:0.0210%|11-5:0.0210%|1-14:0.0200%|6-12:0.0200%|12-2:0.0190%|9-10:0.0160%|5-13:0.0160%|11-6:0.0150%|7-12:0.0140%|6-13:0.0140%|12-4:0.0140%|2-15:0.0120%|5-14:0.0110%|3-14:0.0100%|12-1:0.0100%|11-7:0.0100%|11-8:0.0100%|10-11:0.0090%|8-11:0.0090%|6-14:0.0090%|10-9:0.0080%|8-12:0.0080%|13-3:0.0080%|12-5:0.0070%|4-14:0.0070%|11-9:0.0060%|12-7:0.0060%|13-2:0.0060%|1-15:0.0060%|7-13:0.0060%|11-10:0.0050%|4-15:0.0050%|8-13:0.0050%|12-0:0.0050%|14-4:0.0050%|9-12:0.0050%|0-15:0.0050%|13-4:0.0040%|3-15:0.0040%|0-14:0.0040%|12-6:0.0040%|2-16:0.0040%|12-9:0.0030%|0-16:0.0030%|12-8:0.0030%|13-6:0.0030%|8-14:0.0030%|4-16:0.0030%|14-3:0.0030%|12-10:0.0030%|13-7:0.0030%|9-11:0.0030%|1-16:0.0030%|8-15:0.0030%|13-1:0.0030%|7-14:0.0030%|5-15:0.0030%|4-17:0.0030%|0-18:0.0020%|10-12:0.0020%|3-18:0.0020%|3-16:0.0020%|9-13:0.0020%|6-15:0.0020%|13-0:0.0020%|9-16:0.0010%|1-17:0.0010%|3-17:0.0010%|7-15:0.0010%|14-9:0.0010%|14-6:0.0010%|11-13:0.0010%|14-5:0.0010%|16-7:0.0010%|9-14:0.0010%|18-2:0.0010%|4-19:0.0010%|14-8:0.0010%|11-15:0.0010%|13-5:0.0010%|16-3:0.0010%|13-9:0.0010%|14-2:0.0010%|0-19:0.0010%|15-1:0.0010%|10-13:0.0010%|2-17:0.0010%|14-1:0.0010%|13-12:0.0010%
1ºFase,-,-,Eng. Química,Eng. do Ambiente,857.0,0.0,558.9,4.6,94.3852,0.0000,5.6148,5.73,3.31,1.08,1.15,8816,1,,3-0:5.1044%|4-0:4.8321%|5-0:4.8208%|3-1:4.5826%|4-1:4.5259%|6-0:4.1515%|2-0:4.0381%|2-1:4.0268%|5-1:3.9474%|6-1:3.6298%|7-0:2.9378%|7-1:2.6996%|8-1:2.6883%|8-0:2.6883%|4-2:2.6429%|3-2:2.5749%|1-0:2.5408%|5-2:2.2005%|6-2:1.8489%|9-0:1.8489%|9-1:1.8262%|7-2:1.8035%|10-0:1.6107%|10-1:1.5200%|8-2:1.2931%|1-2:1.2931%|11-1:1.1910%|11-0:1.1683%|4-3:1.1003%|9-2:0.9982%|6-3:0.9868%|5-3:0.9868%|2-3:0.8394%|12-1:0.8054%|12-0:0.7600%|11-2:0.6692%|13-1:0.6352%|0-1:0.6012%|1-3:0.5898%|7-3:0.5558%|10-2:0.5558%|13-0:0.5331%|8-3:0.5218%|3-4:0.4877%|9-3:0.4537%|14-0:0.4424%|5-4:0.4424%|10-3:0.4083%|0-2:0.3743%|13-2:0.3403%|12-2:0.3289%|8-4:0.3289%|14-1:0.3176%|7-4:0.2949%|6-4:0.2722%|2-4:0.2609%|15-1:0.2382%|12-3:0.2382%|4-5:0.2155%|11-3:0.1701%|0-3:0.1701%|2-5:0.1588%|16-0:0.1475%|3-5:0.1361%|6-5:0.1248%|11-4:0.1134%|15-0:0.1134%|15-2:0.1134%|1-4:0.1134%|7-5:0.1021%|16-1:0.1021%|13-3:0.1021%|1-5:0.1021%|9-4:0.0907%|17-1:0.0907%|13-4:0.0907%|14-2:0.0794%|15-3:0.0794%|0-4:0.0681%|17-0:0.0681%|10-4:0.0681%|14-3:0.0567%|18-1:0.0567%|4-6:0.0567%|9-5:0.0567%|0-5:0.0454%|8-5:0.0454%|14-4:0.0340%|18-2:0.0340%|19-2:0.0340%|17-3:0.0340%|10-5:0.0340%|18-0:0.0340%|14-5:0.0340%|16-3:0.0227%|12-5:0.0227%|20-1:0.0227%|12-4:0.0227%|8-6:0.0227%|17-4:0.0227%|3-6:0.0227%|19-1:0.0227%|1-6:0.0227%|17-2:0.0227%|2-6:0.0227%|15-4:0.0227%|19-0:0.0113%|15-5:0.0113%|6-7:0.0113%|7-6:0.0113%|13-6:0.0113%|19-3:0.0113%|15-6:0.0113%|5-6:0.0113%|3-8:0.0113%|22-0:0.0113%|16-2:0.0113%|18-4:0.0113%|12-7:0.0113%
1ºFase,-,-,Eng. Informática,Marketing,697.4,27.5,762.0,0.0,37.7515,0.0000,62.2485,2.87,2.18,3.96,2.65,57746,1,,1-2:3.8565%|2-3:3.7319%|1-3:3.7042%|2-4:3.4686%|3-2:3.3007%|2-1:3.1673%|1-4:3.0548%|2-5:2.6530%|3-4:2.6391%|3-1:2.5595%|1-5:2.5560%|4-2:2.5300%|4-3:2.3742%|3-5:2.1335%|0-2:2.0382%|4-1:1.9326%|0-3:1.8148%|1-6:1.8148%|2-6:1.7785%|0-4:1.6711%|5-2:1.6555%|0-1:1.6244%|5-3:1.5516%|3-6:1.5360%|4-5:1.5274%|2-7:1.3300%|2-0:1.3196%|0-5:1.2936%|5-1:1.2867%|1-0:1.2555%|1-7:1.2486%|5-4:1.2434%|3-0:1.1187%|4-6:1.0979%|3-7:1.0771%|6-2:1.0494%|0-6:1.0373%|6-3:1.0027%|1-8:0.8866%|2-8:0.8572%|4-7:0.8537%|6-1:0.8226%|4-0:0.8053%|6-4:0.7862%|5-6:0.7446%|3-8:0.7048%|0-7:0.6840%|1-9:0.6078%|6-5:0.6061%|2-9:0.5992%|4-8:0.5593%|5-7:0.5490%|5-0:0.5490%|7-3:0.5438%|7-2:0.5420%|0-8:0.5057%|7-1:0.4520%|3-9:0.4502%|7-4:0.4364%|7-5:0.4018%|6-0:0.3775%|8-2:0.3463%|5-8:0.3394%|4-9:0.3360%|2-10:0.3256%|6-7:0.3221%|8-3:0.3134%|1-10:0.3100%|7-6:0.3100%|8-1:0.2927%|8-4:0.2684%|3-10:0.2563%|0-9:0.2511%|8-5:0.2147%|5-9:0.2130%|2-11:0.2009%|0-10:0.1922%|4-10:0.1801%|6-8:0.1801%|9-2:0.1784%|7-0:0.1732%|9-4:0.1697%|8-6:0.1662%|1-11:0.1645%|7-8:0.1628%|9-3:0.1611%|3-11:0.1593%|5-10:0.1576%|9-1:0.1455%|8-0:0.1212%|2-12:0.1195%|4-11:0.1126%|6-9:0.1126%|5-11:0.1108%|8-7:0.1091%|3-12:0.1074%|9-6:0.1056%|1-12:0.1022%|9-5:0.0866%|0-11:0.0849%|10-3:0.0849%|6-10:0.0849%|7-9:0.0745%|10-2:0.0693%|0-12:0.0675%|10-4:0.0641%|10-6:0.0606%|9-0:0.0606%|10-1:0.0554%|7-10:0.0537%|4-12:0.0502%|2-13:0.0502%|1-13:0.0485%|9-7:0.0468%|3-13:0.0433%|6-11:0.0416%|10-5:0.0398%|11-3:0.0381%|5-12:0.0381%|4-13:0.0364%|9-8:0.0346%|8-10:0.0329%|7-11:0.0312%|3-14:0.0294%|10-7:0.0294%|11-2:0.0294%|0-13:0.0260%|11-5:0.0260%|1-14:0.0260%|8-9:0.0260%|11-1:0.0242%|10-0:0.0225%|11-4:0.0225%|2-14:0.0208%|11-6:0.0190%|5-13:0.0190%|12-3:0.0190%|2-15:0.0173%|6-13:0.0156%|11-0:0.0156%|7-12:0.0156%|5-14:0.0156%|4-14:0.0139%|1-15:0.0139%|0-14:0.0139%|10-8:0.0139%|12-2:0.0139%|6-12:0.0139%|9-10:0.0139%|0-15:0.0104%|12-5:0.0104%|10-9:0.0104%|11-8:0.0087%|8-11:0.0087%|7-13:0.0087%|12-6:0.0087%|12-4:0.0087%|12-0:0.0069%|5-15:0.0069%|3-15:0.0069%|11-7:0.0069%|7-14:0.0052%|6-14:0.0052%|13-2:0.0052%|13-7:0.0052%|12-9:0.0052%|13-3:0.0052%|1-16:0.0052%|13-1:0.0052%|13-6:0.0035%|2-18:0.0035%|4-15:0.0035%|12-1:0.0035%|13-5:0.0035%|9-12:0.0035%|14-2:0.0035%|12-10:0.0035%|11-9:0.0035%|4-17:0.0035%|3-17:0.0035%|8-12:0.0035%|10-12:0.0035%|9-13:0.0035%|10-11:0.0035%|14-6:0.0035%|1-17:0.0035%|13-4:0.0035%|3-16:0.0035%|11-13:0.0035%|2-16:0.0017%|15-10:0.0017%|8-15:0.0017%|6-16:0.0017%|4-16:0.0017%|15-1:0.0017%|11-14:0.0017%|7-15:0.0017%|15-9:0.0017%|12-7:0.0017%|6-15:0.0017%|12-8:0.0017%|4-18:0.0017%|2-17:0.0017%|14-5:0.0017%|11-10:0.0017%|5-16:0.0017%|14-0:0.0017%|7-16:0.0017%|10-14:0.0017%|8-14:0.0017%|10-13:0.0017%|9-11:0.0017%|14-4:0.0017%
Fase final,-,-,Eng. Química,Marketing,902.7,12.5,847.6,13.9,60.7315,0.0000,39.2685,3.90,2.62,2.95,2.23,46317,1,,3-2:3.8863%|2-1:3.7308%|3-1:3.6682%|4-2:3.4264%|2-3:3.2688%|1-2:3.2601%|4-1:2.9557%|4-3:2.7700%|3-4:2.5887%|2-4:2.5736%|1-3:2.5628%|5-2:2.4268%|5-1:2.3533%|5-3:2.1482%|2-0:1.9518%|1-4:1.9474%|6-2:1.9172%|3-0:1.9129%|6-1:1.8028%|2-5:1.6517%|3-5:1.6365%|1-0:1.6279%|6-3:1.5675%|5-4:1.5631%|4-0:1.4919%|4-5:1.4077%|0-2:1.4034%|0-1:1.3429%|1-5:1.2825%|7-2:1.2609%|5-0:1.2371%|0-3:1.1659%|2-6:1.1529%|7-1:1.1335%|6-4:1.1141%|7-3:1.0147%|3-6:1.0126%|6-0:0.8960%|0-4:0.8226%|8-1:0.8204%|4-6:0.8183%|8-2:0.8140%|7-4:0.7470%|1-6:0.7211%|6-5:0.7211%|5-6:0.7038%|8-3:0.6974%|7-0:0.6434%|2-7:0.6002%|3-7:0.5937%|0-5:0.5808%|8-4:0.5549%|9-2:0.4987%|1-7:0.4879%|7-5:0.4815%|9-1:0.4599%|4-7:0.4599%|9-3:0.4404%|8-0:0.4340%|3-8:0.3865%|8-5:0.3843%|0-6:0.3843%|10-2:0.3735%|5-7:0.3714%|2-8:0.3390%|7-6:0.3347%|9-4:0.3174%|1-8:0.2915%|10-1:0.2915%|4-8:0.2893%|6-7:0.2893%|10-3:0.2656%|9-0:0.2634%|5-8:0.2569%|8-6:0.2116%|10-4:0.2051%|4-9:0.2008%|3-9:0.1900%|9-5:0.1792%|10-0:0.1770%|2-9:0.1727%|9-6:0.1706%|11-1:0.1684%|0-7:0.1662%|11-2:0.1576%|1-9:0.1555%|11-3:0.1555%|10-5:0.1382%|8-7:0.1382%|6-8:0.1317%|5-9:0.1317%|0-8:0.1209%|7-8:0.1209%|11-4:0.1187%|12-1:0.1123%|2-10:0.1058%|12-2:0.1015%|10-6:0.0993%|3-10:0.0907%|1-10:0.0864%|11-0:0.0842%|11-5:0.0842%|4-10:0.0777%|6-9:0.0777%|10-7:0.0734%|9-7:0.0734%|12-3:0.0712%|5-10:0.0669%|0-9:0.0583%|13-2:0.0583%|12-4:0.0561%|7-9:0.0561%|9-8:0.0518%|3-11:0.0518%|13-1:0.0497%|12-0:0.0475%|2-11:0.0475%|6-10:0.0432%|10-8:0.0432%|12-5:0.0410%|1-11:0.0410%|13-3:0.0345%|13-4:0.0345%|7-10:0.0345%|8-9:0.0345%|11-7:0.0302%|11-6:0.0302%|4-11:0.0302%|12-6:0.0281%|7-11:0.0259%|0-10:0.0237%|14-1:0.0237%|11-8:0.0216%|5-11:0.0216%|13-0:0.0216%|4-12:0.0194%|2-12:0.0194%|14-3:0.0194%|6-11:0.0173%|8-11:0.0173%|10-9:0.0151%|3-12:0.0151%|14-4:0.0151%|11-9:0.0151%|9-10:0.0151%|5-12:0.0130%|13-5:0.0130%|12-7:0.0130%|14-2:0.0130%|8-10:0.0130%|2-13:0.0130%|15-2:0.0130%|0-11:0.0108%|15-4:0.0108%|6-12:0.0108%|1-12:0.0108%|8-12:0.0086%|13-7:0.0086%|9-11:0.0086%|13-6:0.0086%|13-9:0.0086%|15-3:0.0065%|16-3:0.0065%|16-1:0.0065%|10-11:0.0065%|14-7:0.0065%|5-13:0.0043%|15-5:0.0043%|12-13:0.0043%|14-5:0.0043%|11-10:0.0043%|13-8:0.0043%|3-13:0.0043%|1-13:0.0043%|1-15:0.0043%|16-2:0.0043%|17-5:0.0022%|16-9:0.0022%|12-10:0.0022%|18-4:0.0022%|2-15:0.0022%|16-7:0.0022%|14-8:0.0022%|15-7:0.0022%|9-14:0.0022%|14-6:0.0022%|16-4:0.0022%|14-0:0.0022%|0-12:0.0022%|16-0:0.0022%|4-13:0.0022%|2-16:0.0022%|7-13:0.0022%|12-9:0.0022%|7-12:0.0022%|9-12:0.0022%|16-8:0.0022%|6-13:0.0022%|12-11:0.0022%|6-15:0.0022%|13-10:0.0022%|5-15:0.0022%|8-13:0.0022%|15-1:0.0022%|15-0:0.0022%|10-12:0.0022%|0-14:0.0022%|15-6:0.0022%
Semifinais,-,-,Eng. Mecânica,Finanças,1204.4,0.8,1066.8,0.4,75.1822,0.0000,24.8178,4.59,2.88,2.29,1.88,97156,1,,3-1:4.1490%|2-1:4.0327%|3-2:3.9215%|4-1:3.7568%|4-2:3.4306%|5-1:3.0333%|5-2:2.8881%|2-0:2.6318%|2-3:2.6236%|1-2:2.6154%|4-3:2.5794%|3-0:2.5300%|6-1:2.3838%|4-0:2.3673%|6-2:2.2490%|5-3:2.1213%|1-3:1.9536%|5-0:1.8784%|7-1:1.8733%|2-4:1.8537%|3-4:1.8383%|1-0:1.7549%|7-2:1.6715%|6-3:1.6540%|6-0:1.5542%|5-4:1.3494%|8-2:1.3051%|8-1:1.2794%|1-4:1.2403%|7-3:1.2073%|7-0:1.1373%|3-5:1.1096%|6-4:1.0468%|0-1:1.0221%|2-5:1.0066%|0-2:0.9912%|4-5:0.9840%|9-1:0.9572%|8-3:0.8759%|8-0:0.8677%|9-2:0.8574%|7-4:0.7987%|0-3:0.7514%|1-5:0.7267%|9-3:0.6742%|8-4:0.6134%|6-5:0.6124%|10-1:0.6124%|3-6:0.6042%|2-6:0.5990%|9-0:0.5877%|10-2:0.5712%|4-6:0.5115%|7-5:0.4879%|0-4:0.4796%|9-4:0.4416%|10-3:0.4323%|5-6:0.4045%|10-0:0.4004%|11-1:0.3788%|1-6:0.3716%|11-2:0.3602%|8-5:0.3561%|3-7:0.3314%|11-3:0.2810%|0-5:0.2789%|10-4:0.2728%|7-6:0.2542%|4-7:0.2460%|11-0:0.2388%|2-7:0.2336%|9-5:0.2234%|12-1:0.2203%|5-7:0.2131%|8-6:0.2120%|1-7:0.2048%|12-2:0.1935%|12-3:0.1739%|11-4:0.1678%|6-7:0.1606%|0-6:0.1595%|3-8:0.1451%|10-5:0.1359%|12-0:0.1348%|4-8:0.1245%|9-6:0.1245%|13-1:0.1235%|13-2:0.1225%|2-8:0.1194%|12-4:0.1070%|5-8:0.1019%|13-3:0.0957%|8-7:0.0957%|13-0:0.0957%|10-6:0.0926%|11-5:0.0885%|1-8:0.0782%|6-8:0.0782%|2-9:0.0772%|0-7:0.0700%|14-2:0.0679%|9-7:0.0618%|14-0:0.0607%|13-4:0.0597%|14-1:0.0587%|11-6:0.0566%|12-5:0.0535%|4-9:0.0525%|10-7:0.0504%|7-8:0.0494%|12-6:0.0412%|11-7:0.0381%|3-9:0.0371%|13-5:0.0340%|14-3:0.0340%|1-9:0.0329%|15-1:0.0298%|15-0:0.0268%|5-9:0.0257%|4-10:0.0257%|3-10:0.0257%|15-2:0.0257%|9-8:0.0247%|0-8:0.0237%|7-9:0.0226%|14-4:0.0226%|6-9:0.0226%|15-3:0.0206%|14-5:0.0175%|13-6:0.0175%|8-9:0.0175%|16-1:0.0165%|2-10:0.0165%|16-0:0.0154%|10-8:0.0154%|16-3:0.0134%|15-5:0.0134%|14-6:0.0134%|6-10:0.0124%|16-2:0.0124%|0-9:0.0113%|7-10:0.0113%|2-11:0.0113%|9-10:0.0103%|17-1:0.0103%|15-6:0.0093%|8-10:0.0093%|3-11:0.0093%|10-9:0.0093%|11-8:0.0093%|17-2:0.0082%|1-10:0.0082%|12-8:0.0082%|4-11:0.0082%|13-7:0.0082%|5-10:0.0072%|12-9:0.0072%|15-4:0.0072%|12-7:0.0072%|16-4:0.0062%|5-11:0.0062%|7-11:0.0051%|15-7:0.0051%|11-9:0.0051%|14-7:0.0051%|0-10:0.0051%|6-11:0.0041%|0-11:0.0041%|1-11:0.0041%|19-1:0.0031%|14-8:0.0031%|20-3:0.0031%|10-11:0.0031%|17-3:0.0021%|16-6:0.0021%|17-5:0.0021%|1-13:0.0021%|16-9:0.0021%|11-10:0.0021%|20-2:0.0021%|13-8:0.0021%|5-12:0.0021%|12-10:0.0021%|4-13:0.0021%|8-11:0.0021%|7-12:0.0021%|18-2:0.0021%|8-12:0.0021%|14-9:0.0021%|1-12:0.0021%|19-3:0.0021%|4-12:0.0021%|17-0:0.0021%|18-9:0.0010%|0-13:0.0010%|0-12:0.0010%|13-10:0.0010%|16-5:0.0010%|15-10:0.0010%|3-12:0.0010%|15-8:0.0010%|3-16:0.0010%|18-6:0.0010%|6-12:0.0010%|20-4:0.0010%|21-1:0.0010%|15-9:0.0010%|5-16:0.0010%|9-11:0.0010%|17-4:0.0010%|8-13:0.0010%|5-13:0.0010%|16-8:0.0010%|17-7:0.0010%|18-1:0.0010%|18-3:0.0010%
Semifinais,-,-,Eng. e Gestão Industrial,Gestão e Planeamento em Turismo,1163.8,0.6,1146.6,5.6,53.3941,0.0000,46.6059,3.57,2.48,3.28,2.35,61091,1,,3-2:3.8271%|2-3:3.7207%|2-1:3.6094%|1-2:3.3671%|3-1:3.2493%|4-2:3.0708%|1-3:3.0250%|2-4:2.9055%|4-3:2.7500%|4-1:2.5896%|3-4:2.5732%|5-2:2.2655%|1-4:2.2589%|2-5:2.0871%|5-1:1.9954%|5-3:1.8955%|3-5:1.8022%|2-0:1.6942%|3-0:1.6713%|6-2:1.6631%|1-5:1.6615%|5-4:1.5632%|0-2:1.5616%|4-5:1.4814%|6-3:1.4372%|1-0:1.4372%|0-3:1.3946%|2-6:1.3897%|6-1:1.3832%|4-0:1.2670%|0-1:1.2522%|3-6:1.2522%|1-6:1.0935%|6-4:1.0885%|0-4:1.0329%|4-6:1.0280%|7-2:1.0263%|7-1:0.9723%|5-0:0.9478%|7-3:0.9396%|3-7:0.8741%|2-7:0.8414%|6-5:0.8414%|0-5:0.7923%|5-6:0.7612%|7-4:0.7202%|1-7:0.7039%|8-2:0.6875%|6-0:0.6810%|4-7:0.6335%|8-1:0.6335%|8-3:0.5860%|7-5:0.5418%|3-8:0.5058%|2-8:0.4993%|0-6:0.4927%|8-4:0.4911%|5-7:0.4698%|1-8:0.4141%|7-0:0.4010%|7-6:0.3978%|9-2:0.3716%|4-8:0.3618%|6-7:0.3618%|9-3:0.3552%|9-1:0.3437%|0-7:0.3225%|8-5:0.3159%|9-4:0.2946%|8-0:0.2865%|2-9:0.2668%|5-8:0.2521%|1-9:0.2504%|3-9:0.2275%|10-2:0.2275%|0-8:0.2177%|10-3:0.2062%|4-9:0.2013%|9-5:0.1997%|8-6:0.1899%|6-8:0.1833%|10-1:0.1735%|5-9:0.1735%|2-10:0.1637%|9-0:0.1571%|8-7:0.1457%|10-4:0.1457%|3-10:0.1391%|11-2:0.1293%|9-6:0.1195%|1-10:0.1113%|7-8:0.1064%|6-9:0.1015%|0-9:0.1015%|11-1:0.0999%|11-3:0.0999%|4-10:0.0933%|10-5:0.0933%|5-10:0.0933%|10-0:0.0900%|7-9:0.0868%|10-6:0.0818%|2-11:0.0737%|9-7:0.0737%|11-4:0.0687%|3-11:0.0671%|11-5:0.0622%|12-2:0.0606%|0-10:0.0589%|6-10:0.0557%|12-1:0.0540%|11-0:0.0507%|5-11:0.0507%|4-11:0.0491%|9-8:0.0475%|11-6:0.0475%|8-9:0.0442%|12-3:0.0426%|1-11:0.0409%|7-10:0.0409%|2-12:0.0360%|0-11:0.0360%|1-12:0.0344%|10-7:0.0311%|3-12:0.0295%|12-4:0.0295%|12-0:0.0278%|6-11:0.0278%|13-2:0.0278%|13-3:0.0262%|11-7:0.0246%|8-10:0.0246%|13-4:0.0229%|12-5:0.0229%|7-11:0.0213%|10-8:0.0196%|6-12:0.0164%|12-6:0.0164%|5-12:0.0164%|10-9:0.0164%|14-2:0.0164%|1-13:0.0147%|13-0:0.0147%|9-10:0.0147%|2-13:0.0131%|4-12:0.0131%|13-1:0.0131%|11-9:0.0115%|3-13:0.0115%|0-12:0.0098%|13-5:0.0098%|3-14:0.0098%|8-11:0.0098%|12-7:0.0098%|14-3:0.0082%|7-12:0.0082%|5-13:0.0082%|11-8:0.0065%|9-12:0.0065%|10-11:0.0065%|2-14:0.0065%|14-4:0.0065%|14-1:0.0065%|15-3:0.0065%|6-13:0.0049%|15-2:0.0049%|9-11:0.0049%|3-15:0.0049%|11-10:0.0049%|14-0:0.0049%|4-13:0.0049%|13-6:0.0049%|8-12:0.0049%|13-7:0.0049%|1-14:0.0049%|15-5:0.0033%|15-4:0.0033%|2-15:0.0033%|15-0:0.0033%|14-5:0.0033%|7-13:0.0033%|13-8:0.0033%|9-13:0.0033%|6-14:0.0033%|0-15:0.0033%|12-8:0.0016%|15-1:0.0016%|14-10:0.0016%|6-15:0.0016%|17-1:0.0016%|4-14:0.0016%|13-11:0.0016%|10-14:0.0016%|17-5:0.0016%|12-10:0.0016%|13-9:0.0016%|10-12:0.0016%|4-15:0.0016%|11-13:0.0016%|7-15:0.0016%|16-1:0.0016%|15-6:0.0016%|16-3:0.0016%|17-4:0.0016%|0-13:0.0016%
Fase final,-,-,Eng. Informática,Eng. Química,799.1,19.3,902.7,12.5,31.4284,0.0000,68.5716,2.58,2.04,4.30,2.80,16781,1,,1-3:3.9569%|1-2:3.8079%|2-3:3.5576%|1-4:3.4205%|2-4:3.3252%|3-2:3.1107%|2-1:2.8783%|1-5:2.8365%|2-5:2.7352%|3-4:2.6876%|3-1:2.4730%|0-3:2.2823%|4-2:2.1691%|2-6:2.1095%|0-2:2.1036%|3-5:2.1036%|0-4:2.0559%|1-6:2.0559%|4-3:1.9606%|3-6:1.7818%|0-1:1.7341%|4-1:1.6686%|1-7:1.5255%|0-5:1.4361%|2-7:1.4183%|5-2:1.4004%|0-6:1.3587%|4-5:1.2991%|5-4:1.2753%|5-3:1.2574%|1-0:1.1859%|2-0:1.1859%|1-8:1.1501%|2-8:1.0905%|3-7:1.0309%|4-6:1.0131%|5-1:0.9833%|0-7:0.8998%|3-0:0.8879%|1-9:0.8819%|3-8:0.8700%|6-2:0.8164%|4-7:0.8104%|6-3:0.7628%|5-6:0.7628%|2-9:0.7032%|4-8:0.6674%|4-0:0.6615%|0-8:0.6555%|6-4:0.6436%|3-9:0.6019%|6-5:0.5304%|6-1:0.5244%|2-10:0.5184%|5-7:0.4648%|7-3:0.4529%|1-10:0.4469%|4-9:0.4171%|0-10:0.3873%|7-2:0.3873%|5-0:0.3873%|7-4:0.3814%|5-8:0.3754%|7-1:0.3635%|3-10:0.3575%|0-9:0.3278%|6-7:0.3278%|1-11:0.3039%|7-5:0.2980%|5-9:0.2920%|8-3:0.2860%|2-11:0.2741%|4-10:0.2503%|3-11:0.2324%|8-2:0.2324%|8-4:0.2264%|1-12:0.2264%|6-0:0.2264%|7-6:0.2145%|2-12:0.1728%|8-1:0.1728%|6-8:0.1549%|0-11:0.1549%|5-10:0.1490%|6-9:0.1490%|7-8:0.1311%|7-0:0.1311%|9-2:0.1192%|8-5:0.1192%|4-11:0.1013%|7-9:0.1013%|9-4:0.0953%|6-10:0.0953%|2-13:0.0953%|5-11:0.0953%|1-13:0.0894%|4-12:0.0894%|9-3:0.0834%|10-2:0.0834%|3-12:0.0834%|0-12:0.0775%|1-14:0.0715%|8-7:0.0715%|6-11:0.0715%|8-6:0.0656%|2-14:0.0656%|9-5:0.0596%|4-13:0.0596%|7-11:0.0536%|5-12:0.0536%|9-1:0.0536%|8-0:0.0477%|8-9:0.0477%|10-1:0.0417%|9-7:0.0417%|3-13:0.0358%|10-3:0.0358%|9-6:0.0358%|7-10:0.0358%|10-4:0.0298%|9-8:0.0298%|9-0:0.0298%|0-14:0.0298%|2-15:0.0298%|5-13:0.0298%|3-15:0.0298%|0-13:0.0238%|10-5:0.0238%|7-13:0.0179%|11-3:0.0179%|7-12:0.0179%|10-0:0.0179%|10-8:0.0179%|1-15:0.0179%|3-14:0.0179%|10-9:0.0179%|11-4:0.0119%|11-7:0.0119%|10-6:0.0119%|4-14:0.0119%|4-16:0.0119%|8-11:0.0119%|12-8:0.0119%|11-8:0.0119%|6-15:0.0119%|2-16:0.0119%|15-3:0.0119%|13-6:0.0119%|8-12:0.0119%|6-14:0.0119%|9-10:0.0119%|6-12:0.0119%|0-15:0.0119%|5-14:0.0060%|11-5:0.0060%|12-5:0.0060%|4-17:0.0060%|13-9:0.0060%|7-15:0.0060%|7-14:0.0060%|11-1:0.0060%|11-15:0.0060%|13-2:0.0060%|12-3:0.0060%|8-10:0.0060%|13-5:0.0060%|11-2:0.0060%|10-13:0.0060%|13-8:0.0060%|8-14:0.0060%|5-17:0.0060%|9-11:0.0060%|11-6:0.0060%|10-7:0.0060%|8-18:0.0060%|12-2:0.0060%|5-15:0.0060%
Fase final,-,-,Gestão,Marketing,820.3,12.7,847.6,14.0,44.9399,0.0000,55.0601,3.19,2.32,3.64,2.51,13142,1,,2-3:3.8959%|1-3:3.6828%|3-2:3.6676%|2-1:3.5307%|1-2:3.4317%|2-4:3.1730%|3-1:2.8002%|1-4:2.7926%|4-2:2.6404%|4-3:2.6100%|4-1:2.4958%|3-4:2.4502%|2-5:2.3512%|3-5:2.1230%|1-5:2.0317%|5-3:1.9556%|5-2:1.8871%|0-3:1.7501%|2-6:1.7197%|0-2:1.7045%|5-4:1.6512%|2-0:1.5675%|4-5:1.5371%|0-1:1.4990%|3-0:1.3849%|3-6:1.3697%|5-1:1.3697%|1-6:1.3316%|1-0:1.2327%|6-2:1.2251%|6-3:1.2251%|0-4:1.2175%|2-7:1.1566%|4-6:1.1414%|4-0:1.1338%|0-5:1.0881%|6-1:0.9588%|5-6:0.9511%|3-7:0.9207%|4-7:0.8903%|1-7:0.8827%|6-4:0.8522%|2-8:0.7761%|7-3:0.7229%|7-4:0.7229%|1-8:0.7000%|5-0:0.6696%|7-2:0.6696%|3-8:0.6544%|0-6:0.6544%|7-1:0.6468%|6-5:0.6316%|4-8:0.5326%|0-7:0.5326%|6-0:0.4870%|5-7:0.4794%|8-3:0.4794%|8-2:0.4718%|2-9:0.4718%|8-1:0.4185%|1-9:0.4185%|7-5:0.4109%|6-7:0.3729%|3-9:0.3729%|7-0:0.3576%|8-5:0.3424%|9-2:0.3424%|8-4:0.3272%|4-9:0.3196%|5-8:0.3120%|0-8:0.2968%|2-10:0.2891%|9-1:0.2435%|7-6:0.2435%|9-4:0.2131%|8-6:0.2054%|3-10:0.1978%|9-3:0.1902%|5-9:0.1826%|9-5:0.1598%|1-10:0.1598%|0-9:0.1598%|4-10:0.1522%|10-2:0.1370%|8-7:0.1217%|2-11:0.1217%|10-4:0.1217%|7-8:0.1217%|6-8:0.1217%|6-9:0.1141%|8-0:0.1141%|1-11:0.1141%|9-6:0.0989%|7-9:0.0913%|10-3:0.0913%|0-10:0.0837%|2-12:0.0837%|5-10:0.0837%|10-1:0.0837%|3-11:0.0761%|9-7:0.0761%|11-1:0.0761%|11-4:0.0685%|6-12:0.0609%|5-11:0.0609%|3-12:0.0609%|6-10:0.0533%|11-3:0.0533%|10-5:0.0457%|9-0:0.0457%|3-13:0.0457%|10-0:0.0457%|11-5:0.0457%|0-11:0.0457%|5-12:0.0380%|10-7:0.0380%|13-2:0.0380%|4-12:0.0380%|1-12:0.0380%|6-11:0.0380%|11-2:0.0380%|11-7:0.0304%|11-0:0.0304%|12-2:0.0304%|11-6:0.0304%|13-3:0.0304%|7-10:0.0304%|0-12:0.0228%|4-15:0.0228%|4-11:0.0228%|13-6:0.0228%|12-4:0.0228%|7-11:0.0228%|12-1:0.0228%|12-3:0.0228%|2-13:0.0228%|6-13:0.0228%|4-13:0.0228%|2-14:0.0228%|8-9:0.0228%|1-14:0.0228%|12-5:0.0228%|8-10:0.0152%|2-15:0.0152%|12-7:0.0152%|4-14:0.0152%|13-4:0.0152%|10-8:0.0152%|8-11:0.0152%|13-0:0.0152%|9-8:0.0152%|12-0:0.0152%|6-14:0.0076%|6-16:0.0076%|8-12:0.0076%|14-2:0.0076%|13-5:0.0076%|7-13:0.0076%|15-0:0.0076%|12-6:0.0076%|9-12:0.0076%|3-14:0.0076%|10-12:0.0076%|5-13:0.0076%|10-9:0.0076%|14-5:0.0076%|14-7:0.0076%|15-1:0.0076%|4-17:0.0076%|1-15:0.0076%|1-13:0.0076%|14-3:0.0076%|3-15:0.0076%|9-11:0.0076%|7-14:0.0076%|0-17:0.0076%|9-13:0.0076%|10-6:0.0076%|13-1:0.0076%|13-8:0.0076%|12-8:0.0076%
Semifinais,-,-,Contabilidade,Eng. e Gestão Industrial,1144.8,8.5,1163.8,0.6,46.2275,0.0000,53.7725,3.28,2.37,3.59,2.50,38661,1,,2-3:3.9316%|1-2:3.6160%|3-2:3.5566%|1-3:3.3419%|2-1:3.3057%|2-4:2.9953%|3-1:2.9487%|4-2:2.8246%|3-4:2.6668%|1-4:2.6280%|4-3:2.5374%|2-5:2.2943%|4-1:2.2141%|3-5:2.0434%|5-2:2.0382%|1-5:2.0175%|0-2:1.7615%|5-1:1.7434%|5-3:1.7201%|2-6:1.6606%|4-5:1.5933%|0-3:1.5908%|1-6:1.5054%|2-0:1.5002%|5-4:1.4873%|3-0:1.4407%|0-1:1.4071%|3-6:1.3347%|6-2:1.3192%|0-4:1.2855%|1-0:1.2752%|6-3:1.1898%|4-6:1.1122%|6-1:1.0838%|4-0:1.0217%|1-7:1.0062%|6-4:0.9984%|2-7:0.9881%|7-2:0.9751%|0-5:0.9001%|3-7:0.8769%|7-3:0.8484%|6-5:0.8122%|5-0:0.8096%|2-8:0.7527%|5-6:0.7191%|4-7:0.7139%|0-6:0.7036%|7-1:0.6777%|7-4:0.6570%|3-8:0.6415%|1-8:0.6285%|6-0:0.5277%|8-2:0.5225%|0-7:0.4940%|8-3:0.4501%|4-8:0.4475%|2-9:0.4320%|5-7:0.4294%|7-5:0.4268%|8-1:0.4164%|6-7:0.4061%|7-0:0.3621%|8-4:0.3569%|7-6:0.3388%|3-9:0.3363%|5-8:0.3207%|9-2:0.3130%|0-8:0.2871%|4-9:0.2819%|1-9:0.2794%|8-5:0.2716%|2-10:0.2690%|9-3:0.2509%|9-1:0.2250%|6-8:0.2224%|8-0:0.2173%|0-9:0.2069%|9-4:0.2069%|1-10:0.2069%|5-9:0.1888%|3-10:0.1862%|8-6:0.1707%|7-8:0.1655%|8-7:0.1655%|10-1:0.1630%|4-10:0.1552%|10-3:0.1474%|2-11:0.1474%|9-5:0.1423%|10-2:0.1423%|10-4:0.1345%|5-10:0.1319%|6-9:0.1216%|9-0:0.1035%|9-6:0.1009%|0-10:0.1009%|10-5:0.0931%|1-11:0.0828%|3-11:0.0802%|4-11:0.0724%|10-0:0.0673%|10-6:0.0647%|11-2:0.0647%|6-10:0.0647%|7-9:0.0621%|8-9:0.0595%|5-11:0.0595%|0-11:0.0595%|2-12:0.0569%|11-1:0.0569%|1-12:0.0543%|3-12:0.0517%|9-7:0.0517%|9-8:0.0491%|11-3:0.0491%|7-11:0.0491%|11-4:0.0466%|12-2:0.0440%|11-5:0.0414%|8-10:0.0388%|10-7:0.0388%|6-11:0.0388%|4-12:0.0362%|7-10:0.0362%|12-3:0.0336%|1-13:0.0336%|11-0:0.0285%|10-8:0.0285%|13-3:0.0285%|2-13:0.0285%|11-6:0.0259%|3-13:0.0233%|12-6:0.0207%|13-4:0.0207%|12-4:0.0181%|5-12:0.0181%|13-1:0.0155%|6-12:0.0155%|1-14:0.0155%|12-1:0.0155%|13-5:0.0155%|0-12:0.0129%|11-7:0.0129%|8-11:0.0129%|0-13:0.0129%|5-14:0.0129%|10-9:0.0129%|6-13:0.0103%|2-14:0.0103%|4-14:0.0103%|12-5:0.0103%|4-13:0.0103%|14-3:0.0103%|13-2:0.0103%|8-12:0.0103%|12-0:0.0103%|7-12:0.0103%|2-15:0.0078%|11-9:0.0078%|9-10:0.0078%|6-14:0.0078%|9-11:0.0078%|13-0:0.0078%|10-11:0.0078%|11-8:0.0078%|14-2:0.0052%|6-15:0.0052%|15-4:0.0052%|15-3:0.0052%|14-6:0.0052%|12-7:0.0052%|12-9:0.0052%|5-13:0.0052%|7-13:0.0052%|12-10:0.0052%|4-15:0.0052%|13-6:0.0052%|12-8:0.0052%|11-10:0.0026%|13-8:0.0026%|9-13:0.0026%|14-5:0.0026%|17-4:0.0026%|14-4:0.0026%|15-2:0.0026%|9-12:0.0026%|14-0:0.0026%|0-14:0.0026%|16-0:0.0026%|13-11:0.0026%|8-15:0.0026%|14-9:0.0026%|3-17:0.0026%|4-16:0.0026%|1-16:0.0026%|14-1:0.0026%|3-14:0.0026%|5-15:0.0026%|5-16:0.0026%|15-1:0.0026%|0-15:0.0026%
Fase final,-,-,Eng. Química,Música,902.8,12.4,819.4,6.0,65.6638,0.0000,34.3362,4.17,2.73,2.73,2.08,14259,1,,3-2:3.7240%|2-1:3.6679%|3-1:3.5627%|2-3:3.3663%|4-1:3.2611%|4-2:3.2541%|1-2:2.9034%|4-3:2.7632%|5-2:2.6860%|5-1:2.6580%|1-3:2.3845%|5-3:2.3704%|2-4:2.3003%|3-4:2.2442%|6-1:2.1811%|6-2:2.0969%|3-0:2.0899%|2-0:2.0689%|4-0:1.7533%|1-4:1.7042%|7-2:1.6341%|6-3:1.6270%|1-0:1.6200%|5-4:1.5078%|7-1:1.4868%|3-5:1.4868%|2-5:1.4728%|4-5:1.3605%|0-1:1.3325%|5-0:1.2974%|1-5:1.2553%|0-2:1.1502%|6-4:1.1011%|8-1:1.0800%|3-6:1.0450%|7-3:1.0169%|6-0:1.0099%|8-2:1.0099%|0-3:0.9818%|7-4:0.9047%|8-3:0.8907%|2-6:0.8766%|6-5:0.8696%|0-4:0.8205%|4-6:0.7434%|7-0:0.6733%|5-6:0.6382%|9-2:0.6312%|1-6:0.6031%|8-0:0.5961%|9-1:0.5751%|8-4:0.5681%|3-7:0.5470%|7-5:0.4979%|10-2:0.4488%|9-3:0.4488%|4-7:0.4278%|0-5:0.4208%|10-1:0.4068%|2-7:0.3857%|5-7:0.3647%|9-4:0.3507%|10-3:0.3366%|1-7:0.3366%|9-0:0.3226%|6-7:0.3086%|11-2:0.2946%|8-5:0.2875%|7-6:0.2805%|9-5:0.2805%|2-8:0.2595%|0-6:0.2174%|10-0:0.2174%|5-8:0.2104%|3-8:0.2104%|10-4:0.1894%|8-6:0.1894%|1-8:0.1894%|12-1:0.1823%|9-6:0.1753%|11-4:0.1683%|11-3:0.1613%|11-1:0.1613%|4-8:0.1543%|0-7:0.1473%|2-9:0.1403%|6-8:0.1262%|11-0:0.1122%|12-3:0.1122%|9-7:0.1052%|8-7:0.1052%|11-5:0.0982%|10-5:0.0982%|10-6:0.0982%|12-6:0.0912%|13-1:0.0912%|12-2:0.0842%|0-8:0.0842%|4-9:0.0842%|7-8:0.0842%|13-2:0.0771%|12-0:0.0771%|10-7:0.0771%|1-9:0.0771%|13-3:0.0771%|3-9:0.0771%|2-10:0.0701%|12-4:0.0631%|7-9:0.0631%|3-10:0.0561%|4-10:0.0561%|0-9:0.0561%|14-3:0.0491%|6-9:0.0491%|2-11:0.0491%|10-8:0.0421%|11-6:0.0421%|13-4:0.0421%|9-10:0.0421%|14-1:0.0421%|9-8:0.0351%|13-0:0.0351%|1-10:0.0351%|5-9:0.0351%|7-10:0.0281%|6-10:0.0281%|14-2:0.0281%|3-11:0.0281%|0-10:0.0281%|3-12:0.0210%|13-6:0.0210%|6-11:0.0210%|11-7:0.0210%|16-3:0.0210%|12-5:0.0210%|15-0:0.0210%|15-1:0.0210%|8-9:0.0210%|1-11:0.0210%|11-8:0.0210%|12-10:0.0140%|0-11:0.0140%|18-1:0.0140%|15-3:0.0140%|5-10:0.0140%|14-0:0.0140%|4-11:0.0140%|10-9:0.0140%|11-9:0.0140%|5-11:0.0140%|13-5:0.0140%|4-12:0.0140%|1-14:0.0070%|13-8:0.0070%|17-2:0.0070%|15-2:0.0070%|13-7:0.0070%|14-5:0.0070%|17-1:0.0070%|2-12:0.0070%|14-4:0.0070%|16-1:0.0070%|15-7:0.0070%|11-10:0.0070%|16-6:0.0070%|12-9:0.0070%|6-15:0.0070%|15-4:0.0070%|7-11:0.0070%|8-10:0.0070%|16-2:0.0070%
Fase final,-,-,Eng. Informática,Gestão,799.3,19.1,820.3,13.1,45.9821,0.0000,54.0179,3.24,2.34,3.56,2.45,4928,1,,2-3:4.0584%|3-2:3.6729%|3-1:3.3685%|1-3:3.3076%|1-2:3.3076%|2-1:3.2468%|2-4:3.1047%|1-4:2.8612%|3-4:2.7192%|4-2:2.6989%|4-3:2.5974%|4-1:2.4351%|3-5:2.2727%|1-5:2.0089%|2-5:2.0089%|5-3:1.9481%|5-2:1.9075%|3-6:1.8872%|0-3:1.7654%|5-1:1.6843%|0-2:1.6437%|0-1:1.6234%|1-6:1.5828%|2-0:1.5422%|2-6:1.4610%|4-5:1.4407%|6-2:1.3799%|5-4:1.3799%|1-0:1.3596%|6-3:1.2581%|4-0:1.2175%|6-1:1.1769%|0-5:1.1769%|0-4:1.1364%|3-0:1.1161%|4-6:1.0146%|2-7:0.9334%|6-4:0.9131%|4-7:0.9131%|7-2:0.8320%|1-7:0.8320%|8-2:0.8117%|5-6:0.7711%|7-3:0.7508%|3-7:0.7508%|0-6:0.7508%|6-5:0.7102%|5-0:0.6696%|7-4:0.6494%|3-8:0.6088%|1-8:0.5682%|2-8:0.5479%|0-7:0.5276%|5-7:0.5276%|7-1:0.5073%|6-7:0.4870%|8-3:0.4870%|2-9:0.4667%|6-0:0.4261%|7-5:0.4261%|8-1:0.4261%|7-0:0.3856%|3-9:0.3653%|8-4:0.3450%|5-8:0.3450%|9-1:0.3450%|4-9:0.3247%|1-9:0.3044%|0-9:0.2638%|1-10:0.2435%|4-8:0.2435%|9-2:0.2435%|9-3:0.2232%|0-8:0.2232%|9-5:0.2232%|5-9:0.2232%|8-5:0.1826%|7-6:0.1826%|6-8:0.1826%|10-3:0.1623%|9-4:0.1623%|5-10:0.1623%|8-6:0.1623%|0-10:0.1623%|3-10:0.1420%|3-11:0.1420%|7-9:0.1420%|5-11:0.1420%|9-6:0.1420%|9-0:0.1218%|8-0:0.1218%|10-5:0.1218%|2-10:0.1218%|10-6:0.1015%|6-9:0.1015%|10-4:0.1015%|3-12:0.1015%|11-3:0.1015%|7-8:0.1015%|4-10:0.1015%|1-11:0.0812%|1-12:0.0812%|12-2:0.0812%|9-7:0.0812%|11-1:0.0609%|11-5:0.0609%|0-11:0.0609%|11-4:0.0609%|10-2:0.0609%|10-1:0.0609%|11-2:0.0609%|6-10:0.0609%|7-10:0.0609%|2-11:0.0609%|9-8:0.0406%|2-12:0.0406%|0-12:0.0406%|10-7:0.0406%|10-0:0.0406%|6-11:0.0406%|12-1:0.0406%|12-5:0.0406%|11-7:0.0406%|8-7:0.0406%|1-13:0.0406%|14-2:0.0203%|4-13:0.0203%|12-4:0.0203%|14-1:0.0203%|8-9:0.0203%|12-3:0.0203%|5-12:0.0203%|5-14:0.0203%|10-8:0.0203%|2-13:0.0203%|4-12:0.0203%|7-12:0.0203%|8-10:0.0203%|8-12:0.0203%|13-6:0.0203%|4-11:0.0203%|6-12:0.0203%|10-11:0.0203%|12-8:0.0203%
Fase final,-,-,Gestão,Música,820.1,13.0,819.4,6.0,51.0544,0.0000,48.9456,3.43,2.43,3.39,2.41,4078,1,,3-2:4.0216%|2-3:3.8009%|4-2:3.6538%|2-1:3.6538%|1-2:3.3350%|1-3:3.2124%|4-3:2.9917%|3-1:2.9917%|2-4:2.7464%|4-1:2.4522%|1-4:2.4277%|1-5:2.2805%|5-3:2.2560%|3-4:2.2560%|5-1:2.0598%|3-5:1.8146%|5-2:1.7901%|2-5:1.7901%|2-0:1.6430%|0-2:1.5694%|0-3:1.5449%|6-2:1.5204%|5-4:1.4468%|3-0:1.4223%|4-5:1.4223%|2-6:1.4223%|0-1:1.3977%|1-0:1.3732%|3-6:1.3732%|1-6:1.2506%|5-0:1.2261%|4-0:1.1525%|7-2:1.1035%|0-5:1.0790%|0-4:1.0790%|7-3:1.0299%|6-1:1.0054%|3-7:0.9564%|4-6:0.9564%|6-3:0.9318%|6-4:0.9318%|6-5:0.9318%|5-6:0.8583%|0-6:0.7602%|1-7:0.7602%|8-2:0.7602%|2-7:0.7357%|7-1:0.7111%|4-7:0.6376%|8-3:0.5885%|3-8:0.5640%|7-4:0.5640%|1-8:0.5640%|5-7:0.5150%|4-8:0.4659%|7-5:0.4659%|0-7:0.4659%|6-0:0.4414%|8-1:0.4414%|2-8:0.4169%|9-3:0.4169%|9-1:0.4169%|2-9:0.3678%|7-0:0.3678%|1-9:0.3433%|6-7:0.3433%|9-2:0.3433%|8-4:0.3433%|8-0:0.2943%|5-9:0.2452%|3-9:0.2452%|9-5:0.2207%|3-10:0.2207%|7-6:0.2207%|9-4:0.2207%|10-2:0.1962%|10-6:0.1962%|7-9:0.1962%|8-6:0.1962%|4-9:0.1717%|6-8:0.1717%|5-8:0.1717%|0-8:0.1471%|7-8:0.1471%|8-5:0.1471%|9-6:0.1471%|4-10:0.1471%|2-10:0.1471%|9-0:0.1226%|10-0:0.1226%|10-5:0.1226%|8-7:0.1226%|10-4:0.1226%|0-10:0.0981%|3-11:0.0981%|10-3:0.0981%|0-9:0.0981%|6-10:0.0981%|1-10:0.0736%|10-1:0.0736%|11-5:0.0736%|11-4:0.0736%|13-2:0.0736%|6-11:0.0736%|11-3:0.0736%|11-0:0.0736%|10-7:0.0736%|0-11:0.0736%|8-11:0.0736%|6-9:0.0490%|9-8:0.0490%|3-12:0.0490%|13-4:0.0490%|7-12:0.0490%|1-11:0.0490%|5-12:0.0490%|12-7:0.0490%|4-11:0.0490%|5-10:0.0490%|14-4:0.0490%|2-11:0.0490%|2-13:0.0490%|10-8:0.0490%|12-1:0.0490%|12-4:0.0490%|3-14:0.0245%|11-1:0.0245%|9-11:0.0245%|2-12:0.0245%|8-10:0.0245%|13-3:0.0245%|8-13:0.0245%|8-9:0.0245%|11-2:0.0245%|2-14:0.0245%|12-3:0.0245%|9-7:0.0245%|5-15:0.0245%|13-5:0.0245%|4-13:0.0245%|11-8:0.0245%|4-12:0.0245%|10-11:0.0245%|5-11:0.0245%|11-10:0.0245%
Semifinais,-,-,Eng. Computacional,Eng. Mecânica,844.1,4.4,1204.3,0.9,2.9316,0.0000,97.0684,0.67,0.85,5.86,3.41,307,1,,0-5:7.8176%|0-3:7.4919%|0-4:5.5375%|0-2:5.5375%|0-6:5.2117%|1-4:4.5603%|0-1:4.5603%|1-7:3.9088%|1-3:3.9088%|0-8:3.5831%|0-7:3.5831%|1-6:3.5831%|1-5:3.5831%|1-8:2.6059%|0-9:2.2801%|0-11:2.2801%|1-10:2.2801%|2-4:2.2801%|1-9:1.9544%|2-6:1.6287%|1-11:1.6287%|2-7:1.6287%|1-2:1.6287%|2-3:1.3029%|2-5:1.3029%|0-10:1.3029%|2-9:0.9772%|0-15:0.9772%|3-2:0.9772%|1-12:0.9772%|0-13:0.6515%|2-1:0.6515%|0-12:0.6515%|0-14:0.6515%|1-0:0.6515%|0-17:0.3257%|1-13:0.3257%|0-18:0.3257%|2-0:0.3257%|3-4:0.3257%|2-11:0.3257%|3-1:0.3257%|1-16:0.3257%|3-6:0.3257%|1-14:0.3257%|2-10:0.3257%|4-13:0.3257%|3-14:0.3257%|4-6:0.3257%|3-9:0.3257%|1-15:0.3257%|4-9:0.3257%|3-7:0.3257%
Semifinais,-,-,Eng. Computadores e Telemática,Finanças,1053.8,8.0,1066.8,0.4,47.2310,0.0000,52.7690,3.31,2.41,3.56,2.44,2528,1,,3-2:4.2326%|2-3:3.9161%|1-2:3.8766%|1-3:3.4415%|2-1:3.1646%|1-4:2.9668%|4-2:2.8481%|3-1:2.7294%|4-3:2.4130%|2-4:2.4130%|2-5:2.1756%|5-2:2.1756%|4-1:2.1361%|3-4:2.0965%|1-5:1.9383%|4-5:1.9383%|0-3:1.8987%|3-5:1.8592%|5-3:1.7405%|6-2:1.7009%|0-1:1.7009%|1-6:1.6218%|3-0:1.5823%|2-6:1.5427%|5-4:1.5427%|5-1:1.5032%|2-0:1.4636%|6-4:1.4241%|3-7:1.3449%|0-2:1.3054%|1-0:1.2263%|3-6:1.1472%|4-6:1.1472%|6-3:1.1472%|1-7:1.0680%|6-1:1.0285%|0-4:0.9889%|0-5:0.9494%|5-0:0.9494%|4-7:0.9098%|6-5:0.8703%|2-7:0.7911%|7-2:0.7516%|4-0:0.7516%|0-6:0.7516%|7-3:0.7516%|7-4:0.7120%|2-8:0.6725%|0-7:0.6725%|7-1:0.6725%|1-8:0.6329%|8-2:0.6329%|5-6:0.5934%|5-7:0.5934%|8-3:0.5934%|6-0:0.5934%|8-4:0.5538%|3-8:0.5538%|7-5:0.4747%|7-6:0.4351%|0-8:0.3956%|3-9:0.3560%|4-8:0.3560%|9-1:0.3165%|8-1:0.3165%|6-8:0.3165%|8-7:0.3165%|0-9:0.2769%|8-5:0.2373%|8-0:0.2373%|10-2:0.2373%|8-6:0.2373%|7-8:0.2373%|9-2:0.2373%|10-1:0.1978%|10-4:0.1978%|5-8:0.1978%|2-9:0.1978%|1-9:0.1978%|7-0:0.1978%|6-7:0.1978%|4-9:0.1978%|5-9:0.1582%|9-5:0.1582%|5-10:0.1582%|1-10:0.1582%|2-10:0.1582%|0-10:0.1582%|3-11:0.1187%|9-3:0.1187%|9-7:0.1187%|3-10:0.1187%|7-9:0.1187%|9-4:0.1187%|7-10:0.1187%|10-3:0.1187%|12-4:0.1187%|6-10:0.1187%|2-12:0.0791%|0-12:0.0791%|0-11:0.0791%|11-1:0.0791%|9-0:0.0791%|3-14:0.0791%|6-9:0.0791%|11-0:0.0791%|2-13:0.0791%|11-4:0.0791%|4-12:0.0791%|4-10:0.0791%|7-11:0.0396%|8-9:0.0396%|5-11:0.0396%|9-8:0.0396%|11-2:0.0396%|12-7:0.0396%|11-5:0.0396%|10-0:0.0396%|12-2:0.0396%|10-5:0.0396%|11-3:0.0396%|10-7:0.0396%|11-6:0.0396%|8-10:0.0396%|14-6:0.0396%|6-12:0.0396%|12-5:0.0396%|13-4:0.0396%|2-11:0.0396%|4-14:0.0396%|12-0:0.0396%|10-13:0.0396%|9-6:0.0396%|14-2:0.0396%
Semifinais,-,-,Contabilidade,Eng. de Materiais,1146.1,8.5,882.8,29.6,91.8182,0.0000,8.1818,6.01,3.30,1.35,1.38,110,1,,4-1:6.3636%|9-0:5.4545%|7-1:5.4545%|4-0:4.5455%|1-0:4.5455%|2-1:4.5455%|5-0:3.6364%|8-1:3.6364%|4-3:3.6364%|12-1:3.6364%|10-1:3.6364%|9-2:2.7273%|8-2:2.7273%|3-1:2.7273%|6-2:2.7273%|0-1:1.8182%|5-3:1.8182%|1-2:1.8182%|8-0:1.8182%|7-3:1.8182%|7-2:1.8182%|3-2:1.8182%|7-0:1.8182%|5-2:1.8182%|4-2:1.8182%|2-0:1.8182%|4-7:0.9091%|6-5:0.9091%|2-4:0.9091%|11-1:0.9091%|8-4:0.9091%|14-2:0.9091%|4-6:0.9091%|6-1:0.9091%|14-0:0.9091%|3-0:0.9091%|11-2:0.9091%|5-1:0.9091%|12-0:0.9091%|10-2:0.9091%|9-1:0.9091%|7-6:0.9091%|3-4:0.9091%|6-0:0.9091%|11-0:0.9091%|10-0:0.9091%|2-3:0.9091%|12-3:0.9091%
Fase final,-,-,Eng. do Ambiente,Marketing,702.0,7.5,848.5,13.5,17.9402,0.0000,82.0598,2.05,1.88,4.82,3.05,301,1,,2-3:5.6478%|0-2:4.9834%|2-5:4.6512%|1-6:4.3189%|1-5:3.9867%|1-2:3.9867%|1-4:3.9867%|1-3:3.6545%|0-4:2.9900%|0-5:2.6578%|3-2:2.6578%|2-6:2.3256%|1-0:2.3256%|2-4:1.9934%|4-5:1.9934%|3-4:1.9934%|0-3:1.9934%|1-8:1.6611%|0-6:1.6611%|2-8:1.6611%|3-8:1.3289%|4-6:1.3289%|1-7:1.3289%|2-7:1.3289%|0-7:1.3289%|3-5:1.3289%|2-11:1.3289%|0-1:1.3289%|4-7:0.9967%|4-3:0.9967%|4-1:0.9967%|3-7:0.9967%|4-8:0.9967%|5-2:0.9967%|2-1:0.9967%|0-8:0.9967%|4-2:0.9967%|2-0:0.9967%|3-1:0.9967%|1-9:0.6645%|1-12:0.6645%|3-0:0.6645%|3-11:0.6645%|2-10:0.6645%|0-10:0.6645%|5-0:0.6645%|5-7:0.6645%|5-1:0.6645%|3-9:0.6645%|6-9:0.3322%|6-3:0.3322%|8-3:0.3322%|8-6:0.3322%|0-12:0.3322%|6-2:0.3322%|7-8:0.3322%|1-20:0.3322%|1-17:0.3322%|2-9:0.3322%|6-1:0.3322%|6-14:0.3322%|7-9:0.3322%|11-4:0.3322%|5-9:0.3322%|3-10:0.3322%|7-6:0.3322%|6-8:0.3322%|7-3:0.3322%|4-10:0.3322%|0-11:0.3322%|5-4:0.3322%|9-11:0.3322%|1-11:0.3322%|5-6:0.3322%|3-6:0.3322%|3-12:0.3322%|6-10:0.3322%|10-1:0.3322%|5-3:0.3322%|6-4:0.3322%|1-10:0.3322%
Semifinais,-,-,Eng. de Materiais,Gestão e Planeamento em Turismo,885.2,26.6,1146.5,5.3,10.8696,0.0000,89.1304,1.20,1.29,5.39,3.57,138,1,,2-4:6.5217%|0-6:5.7971%|0-4:5.0725%|1-5:5.0725%|0-2:5.0725%|2-3:4.3478%|0-1:3.6232%|2-5:3.6232%|0-8:3.6232%|0-7:2.8986%|0-5:2.8986%|0-3:2.8986%|1-2:2.8986%|1-8:2.8986%|1-7:2.8986%|1-3:2.8986%|2-8:2.1739%|1-4:2.1739%|2-1:2.1739%|1-6:2.1739%|1-0:1.4493%|1-12:1.4493%|2-13:1.4493%|3-6:1.4493%|2-7:1.4493%|1-9:1.4493%|0-10:1.4493%|3-0:1.4493%|5-4:1.4493%|3-4:1.4493%|4-1:1.4493%|4-6:0.7246%|3-7:0.7246%|0-19:0.7246%|1-14:0.7246%|0-17:0.7246%|5-9:0.7246%|5-3:0.7246%|1-10:0.7246%|2-11:0.7246%|0-12:0.7246%|6-2:0.7246%|1-11:0.7246%|1-15:0.7246%|3-1:0.7246%|0-14:0.7246%|0-13:0.7246%|3-2:0.7246%
Fase final,-,-,Eng. do Ambiente,Música,701.9,7.8,819.1,5.3,35.9223,0.0000,64.0777,2.66,2.06,4.26,2.85,103,1,,2-1:6.7961%|2-4:5.8252%|1-3:4.8544%|2-5:4.8544%|1-4:4.8544%|0-2:3.8835%|3-2:3.8835%|1-2:3.8835%|5-4:2.9126%|2-3:2.9126%|6-4:2.9126%|4-3:2.9126%|0-4:1.9417%|4-2:1.9417%|1-8:1.9417%|3-7:1.9417%|3-4:1.9417%|2-6:1.9417%|5-1:1.9417%|2-8:1.9417%|1-6:1.9417%|0-11:1.9417%|1-5:1.9417%|6-11:0.9709%|4-7:0.9709%|2-10:0.9709%|4-11:0.9709%|1-0:0.9709%|3-6:0.9709%|3-1:0.9709%|9-4:0.9709%|7-0:0.9709%|5-12:0.9709%|3-9:0.9709%|2-11:0.9709%|4-5:0.9709%|5-2:0.9709%|2-0:0.9709%|0-3:0.9709%|4-6:0.9709%|5-8:0.9709%|6-5:0.9709%|4-1:0.9709%|6-3:0.9709%|7-3:0.9709%|1-9:0.9709%|0-9:0.9709%|8-2:0.9709%|7-1:0.9709%|0-5:0.9709%|1-11:0.9709%|8-3:0.9709%
Fase final,-,-,Eng. Informática,Eng. do Ambiente,795.7,19.1,702.5,7.8,60.4396,0.0000,39.5604,4.14,3.07,2.73,1.98,91,1,,2-1:5.4945%|2-0:4.3956%|2-3:4.3956%|1-2:4.3956%|0-1:3.2967%|6-4:3.2967%|1-5:3.2967%|5-1:3.2967%|4-3:3.2967%|2-5:3.2967%|3-2:3.2967%|2-4:2.1978%|5-0:2.1978%|4-1:2.1978%|7-3:2.1978%|6-3:2.1978%|4-5:2.1978%|7-1:2.1978%|5-3:2.1978%|1-3:2.1978%|7-2:2.1978%|3-5:2.1978%|12-4:2.1978%|0-2:1.0989%|4-2:1.0989%|3-4:1.0989%|2-10:1.0989%|3-1:1.0989%|1-0:1.0989%|13-1:1.0989%|9-2:1.0989%|6-1:1.0989%|6-7:1.0989%|5-7:1.0989%|1-4:1.0989%|0-5:1.0989%|5-2:1.0989%|8-2:1.0989%|8-1:1.0989%|8-3:1.0989%|8-0:1.0989%|9-7:1.0989%|8-4:1.0989%|7-0:1.0989%|3-7:1.0989%|0-4:1.0989%|11-1:1.0989%|10-2:1.0989%|0-3:1.0989%|4-6:1.0989%|10-4:1.0989%|6-0:1.0989%
Semifinais,-,-,Eng. Computacional,Eng. Computadores e Telemática,843.3,3.6,1054.0,8.0,33.3333,0.0000,66.6667,2.44,1.71,4.00,2.83,9,1,,5-7:11.1111%|2-1:11.1111%|4-2:11.1111%|1-10:11.1111%|1-2:11.1111%|5-4:11.1111%|2-4:11.1111%|2-5:11.1111%|0-1:11.1111%
3º Lugar,-,-,Eng. e Gestão Industrial,Finanças,1079.8,5.9,1031.0,6.4,59.0528,0.0000,40.9472,3.84,2.60,3.02,2.25,34310,1,,3-2:3.8356%|2-1:3.6841%|3-1:3.5908%|2-3:3.5092%|4-2:3.2177%|1-2:3.1128%|4-1:2.9233%|1-3:2.7193%|4-3:2.6989%|2-4:2.5182%|3-4:2.4978%|5-2:2.4454%|5-1:2.2559%|5-3:2.0781%|1-4:1.9878%|2-0:1.8624%|3-0:1.8245%|3-5:1.8100%|2-5:1.7721%|6-1:1.7284%|6-2:1.7196%|4-0:1.5885%|1-0:1.4923%|6-3:1.4777%|0-2:1.4660%|1-5:1.4398%|5-4:1.4369%|4-5:1.4107%|0-1:1.3903%|0-3:1.2533%|5-0:1.2096%|7-2:1.1950%|7-1:1.1892%|6-4:1.1717%|7-3:1.0959%|2-6:1.0959%|3-6:1.0405%|4-6:0.9385%|0-4:0.9210%|8-2:0.8481%|1-6:0.8307%|6-0:0.8190%|8-3:0.7811%|6-5:0.7636%|8-1:0.7374%|7-4:0.7228%|5-6:0.6995%|3-7:0.6762%|0-5:0.6674%|2-7:0.6383%|7-0:0.5654%|1-7:0.5479%|8-4:0.5450%|7-5:0.5246%|4-7:0.4984%|9-2:0.4634%|9-1:0.4605%|9-3:0.4430%|8-0:0.4372%|5-7:0.4314%|0-6:0.3993%|2-8:0.3964%|8-5:0.3731%|3-8:0.3643%|9-4:0.3323%|10-1:0.3119%|9-0:0.3060%|7-6:0.3031%|6-7:0.2885%|4-8:0.2769%|1-8:0.2711%|8-6:0.2652%|10-2:0.2507%|0-7:0.2332%|5-8:0.2244%|2-9:0.1953%|9-5:0.1924%|10-3:0.1924%|10-4:0.1865%|6-8:0.1865%|4-9:0.1807%|9-6:0.1749%|3-9:0.1720%|7-8:0.1632%|1-9:0.1632%|11-2:0.1574%|11-1:0.1457%|11-3:0.1428%|11-4:0.1282%|10-5:0.1253%|0-8:0.1253%|10-0:0.1224%|9-7:0.1166%|8-7:0.1137%|3-10:0.1108%|5-9:0.1108%|1-10:0.0962%|0-9:0.0933%|12-2:0.0904%|6-9:0.0904%|11-0:0.0874%|2-10:0.0787%|10-6:0.0787%|12-1:0.0729%|11-5:0.0700%|12-3:0.0670%|12-4:0.0641%|4-10:0.0641%|7-9:0.0641%|8-9:0.0583%|5-10:0.0583%|10-7:0.0554%|11-6:0.0495%|12-5:0.0495%|7-10:0.0466%|5-11:0.0466%|4-11:0.0466%|13-3:0.0466%|9-8:0.0437%|10-8:0.0437%|6-10:0.0437%|0-10:0.0408%|1-11:0.0408%|2-11:0.0350%|13-2:0.0321%|13-4:0.0291%|3-11:0.0291%|11-7:0.0262%|13-1:0.0262%|12-6:0.0262%|14-4:0.0262%|7-11:0.0262%|10-9:0.0233%|1-12:0.0233%|6-11:0.0204%|12-0:0.0204%|11-8:0.0204%|8-10:0.0204%|12-7:0.0204%|9-10:0.0175%|13-0:0.0146%|2-12:0.0146%|15-1:0.0146%|14-2:0.0146%|13-8:0.0117%|13-5:0.0117%|14-3:0.0117%|14-1:0.0117%|0-11:0.0117%|14-5:0.0117%|4-12:0.0117%|10-11:0.0117%|1-13:0.0117%|14-0:0.0087%|5-12:0.0087%|0-12:0.0087%|13-7:0.0087%|3-12:0.0087%|9-11:0.0087%|16-2:0.0087%|2-14:0.0087%|15-7:0.0058%|1-14:0.0058%|13-6:0.0058%|15-3:0.0058%|15-4:0.0058%|15-2:0.0058%|15-8:0.0058%|18-1:0.0058%|5-13:0.0058%|16-0:0.0058%|0-14:0.0058%|2-13:0.0058%|6-14:0.0058%|3-13:0.0058%|13-10:0.0058%|16-3:0.0058%|12-9:0.0029%|2-15:0.0029%|6-13:0.0029%|7-13:0.0029%|3-14:0.0029%|15-0:0.0029%|15-6:0.0029%|14-8:0.0029%|14-6:0.0029%|14-9:0.0029%|4-15:0.0029%|3-16:0.0029%|6-12:0.0029%|5-14:0.0029%|15-5:0.0029%|9-13:0.0029%|4-13:0.0029%|10-13:0.0029%|12-8:0.0029%
3º Lugar,-,-,Finanças,Gestão e Planeamento em Turismo,1031.0,6.4,1074.6,6.1,41.6612,0.0000,58.3388,3.07,2.25,3.81,2.60,24260,1,,2-3:3.9901%|1-2:3.5903%|3-2:3.4419%|1-3:3.3306%|2-1:3.2193%|2-4:3.1121%|1-4:3.0091%|3-1:2.8359%|3-4:2.7865%|4-2:2.7535%|4-3:2.4567%|2-5:2.3166%|1-5:2.1970%|3-5:2.1352%|4-1:2.1022%|5-2:1.9085%|0-2:1.8714%|2-6:1.7931%|5-3:1.7601%|0-3:1.7395%|3-6:1.6076%|1-6:1.5911%|4-5:1.5911%|5-1:1.5210%|0-1:1.4427%|0-4:1.3932%|2-0:1.3438%|5-4:1.2737%|1-0:1.2613%|2-7:1.2366%|3-0:1.2119%|0-5:1.1871%|1-7:1.1542%|4-6:1.1418%|6-2:1.1253%|6-3:1.1047%|3-7:1.0635%|6-1:1.0305%|6-4:0.9357%|4-0:0.9233%|0-6:0.8862%|4-7:0.8162%|2-8:0.7461%|5-6:0.6966%|3-8:0.6843%|7-2:0.6801%|1-8:0.6513%|5-7:0.6307%|7-3:0.6265%|7-1:0.6224%|6-5:0.6101%|5-0:0.5936%|0-7:0.5771%|2-9:0.5400%|4-8:0.5317%|7-4:0.5235%|1-9:0.4905%|7-5:0.4699%|8-2:0.4287%|6-0:0.4204%|8-3:0.3957%|3-9:0.3833%|6-7:0.3710%|8-4:0.3586%|0-8:0.3504%|8-1:0.3298%|7-6:0.3298%|4-9:0.3092%|3-10:0.2927%|5-8:0.2885%|7-0:0.2514%|2-10:0.2514%|5-9:0.2432%|8-5:0.2432%|1-10:0.2391%|9-3:0.2350%|0-9:0.2226%|6-8:0.1896%|9-2:0.1896%|1-11:0.1814%|4-10:0.1731%|6-9:0.1690%|3-11:0.1690%|8-6:0.1649%|2-11:0.1608%|9-4:0.1525%|8-0:0.1443%|5-10:0.1401%|0-10:0.1319%|10-2:0.1319%|9-5:0.1278%|9-1:0.1278%|8-7:0.1237%|7-8:0.1195%|7-9:0.0989%|10-1:0.0989%|9-6:0.0948%|10-3:0.0948%|4-11:0.0907%|2-12:0.0907%|10-4:0.0824%|1-12:0.0824%|0-11:0.0783%|10-6:0.0742%|11-1:0.0660%|9-0:0.0660%|10-5:0.0618%|3-12:0.0618%|3-13:0.0577%|4-12:0.0577%|7-10:0.0577%|4-13:0.0536%|5-12:0.0495%|11-2:0.0495%|6-10:0.0495%|8-9:0.0453%|5-11:0.0453%|11-3:0.0412%|6-11:0.0412%|10-7:0.0412%|11-4:0.0371%|7-11:0.0371%|1-13:0.0371%|3-15:0.0330%|12-4:0.0330%|2-13:0.0289%|9-7:0.0289%|0-12:0.0289%|9-8:0.0289%|10-0:0.0289%|12-1:0.0247%|0-14:0.0247%|1-14:0.0247%|6-12:0.0206%|12-5:0.0206%|11-6:0.0206%|2-14:0.0206%|12-2:0.0206%|11-0:0.0165%|6-13:0.0165%|3-14:0.0165%|5-13:0.0165%|14-4:0.0124%|11-7:0.0124%|9-10:0.0124%|12-3:0.0124%|7-12:0.0124%|5-14:0.0124%|11-5:0.0124%|13-4:0.0124%|0-13:0.0082%|9-11:0.0082%|10-8:0.0082%|4-14:0.0082%|7-13:0.0082%|8-10:0.0082%|6-14:0.0082%|13-2:0.0082%|7-15:0.0082%|11-8:0.0082%|12-9:0.0041%|4-16:0.0041%|14-5:0.0041%|11-14:0.0041%|13-6:0.0041%|10-13:0.0041%|11-9:0.0041%|13-8:0.0041%|9-13:0.0041%|0-15:0.0041%|5-15:0.0041%|12-0:0.0041%|8-11:0.0041%|1-16:0.0041%|12-7:0.0041%|13-7:0.0041%|13-5:0.0041%|11-13:0.0041%|11-15:0.0041%|15-1:0.0041%|13-0:0.0041%|2-15:0.0041%|3-18:0.0041%|8-12:0.0041%|16-2:0.0041%|10-9:0.0041%|8-14:0.0041%|10-11:0.0041%
3º Lugar,-,-,Eng. Mecânica,Eng. e Gestão Industrial,1084.7,6.7,1079.7,6.0,50.0577,0.0000,49.9423,3.46,2.45,3.41,2.41,11265,1,,2-3:4.1456%|3-2:3.9947%|1-2:3.6218%|2-1:3.3644%|1-3:3.0803%|3-1:2.8140%|4-2:2.7785%|3-4:2.6720%|2-4:2.6099%|4-3:2.6010%|4-1:2.5033%|1-4:2.4323%|2-5:2.1127%|1-5:1.9796%|5-3:1.9618%|3-5:1.8642%|5-2:1.8287%|2-0:1.7310%|0-2:1.7044%|5-1:1.6778%|3-0:1.6245%|6-2:1.6156%|4-5:1.4825%|5-4:1.4736%|0-3:1.4470%|2-6:1.4292%|6-3:1.4292%|1-0:1.4115%|0-4:1.3404%|0-1:1.2694%|3-6:1.2694%|1-6:1.2605%|4-0:1.2339%|6-1:1.1363%|7-2:1.0741%|2-7:1.0475%|6-4:1.0386%|4-6:0.9765%|3-7:0.9498%|5-0:0.9321%|7-3:0.9321%|6-5:0.8344%|0-5:0.8256%|7-1:0.8167%|5-6:0.8078%|4-7:0.7545%|1-7:0.6924%|7-4:0.6924%|0-6:0.5859%|8-4:0.5859%|3-8:0.5859%|8-1:0.5770%|8-2:0.5681%|2-8:0.5681%|6-0:0.5237%|8-3:0.5149%|7-0:0.5149%|5-7:0.4527%|1-8:0.4527%|7-5:0.4439%|4-8:0.4350%|2-9:0.4350%|8-5:0.3817%|5-8:0.3817%|6-8:0.3373%|6-7:0.3196%|7-6:0.3196%|0-7:0.2929%|9-2:0.2929%|9-3:0.2841%|3-9:0.2841%|1-9:0.2752%|4-9:0.2574%|9-4:0.2574%|9-1:0.2486%|8-0:0.2397%|9-5:0.2130%|0-8:0.1775%|10-2:0.1775%|9-0:0.1687%|10-3:0.1598%|11-2:0.1509%|11-3:0.1509%|1-10:0.1509%|6-9:0.1420%|8-6:0.1420%|4-10:0.1420%|3-10:0.1332%|10-1:0.1332%|2-10:0.1332%|10-5:0.1243%|5-9:0.1243%|7-8:0.1243%|0-10:0.1154%|0-9:0.1154%|1-11:0.1065%|10-4:0.1065%|5-10:0.1065%|11-4:0.0976%|4-11:0.0976%|9-6:0.0976%|9-7:0.0888%|11-1:0.0799%|8-7:0.0799%|8-9:0.0621%|11-5:0.0621%|2-11:0.0621%|6-10:0.0621%|12-1:0.0533%|10-6:0.0533%|7-9:0.0533%|10-0:0.0533%|5-11:0.0533%|12-0:0.0444%|2-12:0.0444%|11-0:0.0444%|3-11:0.0444%|8-11:0.0444%|10-7:0.0444%|9-8:0.0355%|13-4:0.0355%|8-10:0.0355%|10-9:0.0266%|8-12:0.0266%|2-13:0.0266%|11-6:0.0266%|6-12:0.0266%|12-5:0.0266%|12-3:0.0266%|12-2:0.0266%|13-1:0.0266%|5-12:0.0266%|6-14:0.0178%|15-3:0.0178%|15-6:0.0178%|3-12:0.0178%|13-5:0.0178%|4-12:0.0178%|5-13:0.0178%|6-11:0.0178%|1-12:0.0178%|14-1:0.0178%|9-11:0.0178%|13-2:0.0178%|1-13:0.0178%|7-10:0.0178%|11-8:0.0178%|4-13:0.0178%|12-6:0.0178%|11-7:0.0178%|13-3:0.0178%|7-14:0.0089%|9-10:0.0089%|0-12:0.0089%|2-15:0.0089%|9-15:0.0089%|1-14:0.0089%|15-2:0.0089%|14-4:0.0089%|15-1:0.0089%|12-9:0.0089%|13-9:0.0089%|10-8:0.0089%|6-13:0.0089%|1-15:0.0089%|10-12:0.0089%|13-7:0.0089%|14-8:0.0089%|14-2:0.0089%|0-14:0.0089%|11-9:0.0089%
3º Lugar,-,-,Eng. Mecânica,Gestão e Planeamento em Turismo,1084.8,6.7,1074.5,6.1,52.2971,0.0000,47.7029,3.52,2.46,3.31,2.37,7836,1,,2-3:3.8923%|3-2:3.5860%|3-1:3.4839%|2-1:3.2670%|1-2:3.2287%|4-2:3.1776%|1-3:3.1266%|4-3:2.8586%|4-1:2.7310%|2-4:2.7055%|3-4:2.4885%|5-2:2.3992%|1-4:2.3099%|2-5:2.1440%|3-5:2.0291%|5-3:1.9015%|5-1:1.8504%|2-0:1.8377%|1-5:1.8249%|6-2:1.7483%|0-2:1.7101%|4-5:1.5569%|6-3:1.5569%|5-4:1.5314%|1-0:1.4803%|3-0:1.4293%|0-3:1.4038%|1-6:1.3783%|2-6:1.3144%|4-0:1.2762%|3-6:1.2506%|0-1:1.2379%|6-1:1.2251%|0-4:1.1996%|4-6:1.0082%|2-7:0.9061%|5-0:0.9061%|7-1:0.8806%|6-4:0.8295%|6-5:0.8295%|7-3:0.8295%|3-7:0.8167%|7-2:0.7785%|5-6:0.7274%|8-1:0.6764%|6-0:0.6636%|7-4:0.6381%|4-7:0.6381%|8-3:0.6381%|0-5:0.6253%|2-8:0.6253%|1-7:0.6253%|8-2:0.5615%|7-5:0.5360%|7-0:0.5232%|5-7:0.5105%|3-8:0.5105%|0-6:0.4849%|8-4:0.4722%|1-8:0.4594%|9-2:0.4594%|4-8:0.4211%|9-3:0.3573%|6-7:0.3446%|8-0:0.3446%|10-2:0.3190%|9-1:0.2935%|7-6:0.2935%|0-7:0.2808%|0-8:0.2680%|6-8:0.2680%|5-8:0.2552%|8-5:0.2552%|1-9:0.2552%|3-9:0.2552%|4-9:0.2425%|2-9:0.2425%|8-6:0.2297%|9-5:0.2169%|2-10:0.2042%|9-4:0.1914%|1-10:0.1914%|4-10:0.1787%|10-1:0.1787%|0-9:0.1531%|9-0:0.1531%|10-3:0.1404%|3-10:0.1276%|11-3:0.1276%|10-4:0.1276%|5-9:0.1149%|11-4:0.1149%|5-10:0.1149%|9-7:0.1149%|10-0:0.1021%|1-11:0.0893%|8-9:0.0893%|11-2:0.0893%|10-5:0.0766%|12-3:0.0766%|8-7:0.0766%|7-8:0.0766%|2-11:0.0766%|10-6:0.0766%|10-7:0.0638%|9-6:0.0638%|11-0:0.0638%|5-11:0.0638%|6-9:0.0638%|10-8:0.0638%|7-9:0.0510%|2-12:0.0510%|6-11:0.0510%|11-1:0.0510%|7-10:0.0383%|0-10:0.0383%|12-2:0.0383%|12-4:0.0383%|11-6:0.0383%|14-3:0.0383%|13-2:0.0255%|8-12:0.0255%|10-9:0.0255%|14-2:0.0255%|0-11:0.0255%|13-4:0.0255%|13-5:0.0255%|6-13:0.0255%|4-11:0.0255%|1-14:0.0255%|13-0:0.0255%|11-5:0.0255%|1-12:0.0255%|7-11:0.0255%|2-13:0.0128%|5-12:0.0128%|12-0:0.0128%|8-10:0.0128%|9-12:0.0128%|6-12:0.0128%|6-10:0.0128%|10-11:0.0128%|14-1:0.0128%|16-3:0.0128%|11-9:0.0128%|12-9:0.0128%|9-10:0.0128%|12-5:0.0128%|3-11:0.0128%|15-3:0.0128%|3-12:0.0128%|5-14:0.0128%|12-11:0.0128%|9-8:0.0128%|7-12:0.0128%|3-13:0.0128%|14-5:0.0128%|12-7:0.0128%|4-12:0.0128%
3º Lugar,-,-,Contabilidade,Finanças,1073.3,7.4,1030.9,6.7,58.2323,0.0000,41.7677,3.78,2.58,3.08,2.29,15500,1,,2-1:3.9806%|2-3:3.7742%|3-2:3.6774%|3-1:3.5290%|4-1:3.1355%|4-2:3.0516%|1-2:3.0065%|1-3:2.7290%|4-3:2.6903%|3-4:2.4323%|2-4:2.3613%|5-1:2.1742%|5-2:2.1484%|5-3:2.1032%|2-0:2.0129%|1-4:2.0065%|2-5:1.8065%|3-0:1.6968%|1-5:1.6645%|6-1:1.6516%|5-4:1.6194%|6-2:1.6129%|1-0:1.5677%|6-3:1.5677%|3-5:1.5226%|0-2:1.4903%|4-0:1.4903%|4-5:1.4258%|0-1:1.2774%|0-3:1.2387%|2-6:1.2323%|7-2:1.2258%|7-3:1.2194%|6-4:1.1419%|7-1:1.1097%|5-0:1.0710%|3-6:1.0581%|4-6:1.0452%|1-6:0.9226%|0-4:0.8903%|6-0:0.8387%|2-7:0.8323%|8-2:0.8194%|7-4:0.7806%|3-7:0.7419%|8-1:0.6903%|6-5:0.6774%|5-6:0.6645%|8-3:0.6516%|1-7:0.6129%|7-5:0.5871%|9-2:0.5742%|4-7:0.5548%|8-4:0.5419%|0-5:0.5419%|1-8:0.5161%|7-0:0.4839%|9-3:0.4258%|9-1:0.4129%|2-8:0.4129%|8-0:0.3806%|3-8:0.3613%|8-5:0.3548%|0-6:0.3548%|5-7:0.3419%|7-6:0.3290%|10-2:0.3097%|6-7:0.3032%|4-8:0.2839%|9-4:0.2774%|2-9:0.2710%|5-8:0.2516%|10-1:0.2452%|0-7:0.2387%|8-6:0.2387%|1-9:0.2258%|11-2:0.2258%|10-4:0.2258%|3-9:0.2258%|10-3:0.2194%|0-8:0.2129%|9-0:0.1871%|9-5:0.1742%|6-8:0.1613%|4-9:0.1548%|11-4:0.1484%|6-9:0.1484%|11-1:0.1484%|9-6:0.1484%|10-5:0.1226%|3-10:0.1226%|5-9:0.1226%|2-10:0.1097%|11-3:0.1032%|10-0:0.1032%|8-7:0.0968%|12-3:0.0968%|9-7:0.0903%|4-10:0.0839%|7-8:0.0839%|12-2:0.0710%|11-5:0.0710%|7-10:0.0645%|7-9:0.0645%|11-0:0.0645%|2-11:0.0645%|1-10:0.0581%|9-8:0.0581%|5-10:0.0581%|0-9:0.0581%|8-9:0.0581%|12-5:0.0516%|12-1:0.0516%|1-11:0.0516%|10-6:0.0516%|10-7:0.0452%|12-4:0.0452%|4-11:0.0387%|0-10:0.0387%|6-10:0.0323%|13-3:0.0323%|14-2:0.0323%|12-0:0.0323%|3-11:0.0323%|13-2:0.0323%|11-7:0.0323%|10-9:0.0258%|12-6:0.0258%|13-4:0.0258%|3-12:0.0258%|0-11:0.0258%|11-8:0.0258%|13-5:0.0194%|4-13:0.0194%|10-8:0.0194%|5-12:0.0194%|4-12:0.0194%|14-3:0.0194%|7-12:0.0194%|11-6:0.0194%|13-1:0.0194%|6-12:0.0194%|15-4:0.0129%|8-10:0.0129%|11-10:0.0129%|0-13:0.0129%|14-1:0.0129%|12-8:0.0129%|4-14:0.0129%|2-12:0.0129%|6-11:0.0129%|13-0:0.0129%|0-12:0.0129%|9-11:0.0129%|5-13:0.0129%|3-13:0.0129%|13-6:0.0129%|15-11:0.0065%|16-4:0.0065%|12-11:0.0065%|1-13:0.0065%|5-11:0.0065%|15-2:0.0065%|11-12:0.0065%|17-3:0.0065%|15-1:0.0065%|1-12:0.0065%|12-9:0.0065%|5-17:0.0065%|15-0:0.0065%|9-10:0.0065%|13-8:0.0065%|14-4:0.0065%|7-11:0.0065%|14-0:0.0065%|7-13:0.0065%|8-11:0.0065%|14-6:0.0065%|3-14:0.0065%|17-10:0.0065%|16-9:0.0065%|12-7:0.0065%
3º Lugar,-,-,Contabilidade,Eng. Mecânica,1073.5,7.3,1084.6,6.7,48.6019,0.0000,51.3981,3.37,2.39,3.47,2.47,4971,1,,2-3:3.8021%|3-2:3.7015%|1-2:3.5808%|1-3:3.5607%|2-1:3.5003%|3-1:3.3394%|2-4:3.0577%|3-4:2.9572%|4-3:2.7560%|4-2:2.4744%|4-1:2.4542%|1-4:2.4542%|2-5:2.1525%|5-2:2.0720%|3-5:2.0519%|2-6:1.7703%|1-5:1.6898%|2-0:1.6697%|5-3:1.6496%|5-4:1.6093%|0-1:1.5892%|4-5:1.5892%|5-1:1.5490%|0-3:1.5088%|1-0:1.4685%|0-2:1.4685%|3-0:1.4283%|3-6:1.4082%|6-2:1.3881%|6-1:1.3478%|6-3:1.3076%|4-0:1.2875%|1-6:1.2472%|0-4:1.0662%|2-7:1.0461%|6-4:1.0461%|7-2:0.9656%|7-3:0.9254%|3-7:0.8851%|4-6:0.8449%|1-7:0.8248%|5-0:0.7443%|6-5:0.7443%|0-6:0.7242%|0-5:0.7041%|2-8:0.7041%|7-1:0.7041%|7-4:0.6840%|6-0:0.6035%|5-6:0.6035%|3-8:0.5834%|8-2:0.5633%|4-7:0.5432%|5-7:0.5230%|9-3:0.4828%|1-8:0.4627%|7-0:0.4627%|9-2:0.4225%|8-1:0.4225%|4-8:0.4225%|8-5:0.3822%|2-9:0.3621%|4-9:0.3621%|6-7:0.3621%|7-6:0.3219%|7-5:0.3219%|3-9:0.3219%|0-7:0.3219%|5-8:0.3018%|8-4:0.2816%|8-3:0.2816%|1-9:0.2816%|2-10:0.2816%|9-4:0.2414%|10-3:0.2414%|0-8:0.2012%|9-5:0.2012%|5-9:0.2012%|8-0:0.2012%|8-6:0.2012%|6-8:0.2012%|6-9:0.1811%|5-10:0.1811%|7-8:0.1811%|4-11:0.1609%|10-2:0.1609%|4-10:0.1609%|9-8:0.1609%|10-1:0.1408%|9-0:0.1408%|2-11:0.1207%|11-3:0.1207%|1-11:0.1207%|9-1:0.1207%|3-11:0.1207%|3-10:0.1207%|0-10:0.1006%|9-7:0.1006%|1-10:0.1006%|10-6:0.1006%|11-1:0.1006%|1-12:0.1006%|10-4:0.1006%|10-8:0.1006%|7-9:0.0805%|12-2:0.0805%|9-6:0.0805%|8-7:0.0604%|8-9:0.0604%|6-10:0.0604%|7-11:0.0604%|0-11:0.0604%|10-5:0.0604%|13-1:0.0604%|12-3:0.0604%|14-5:0.0402%|11-0:0.0402%|11-5:0.0402%|7-12:0.0402%|4-13:0.0402%|2-13:0.0402%|0-9:0.0402%|6-11:0.0402%|10-0:0.0402%|1-13:0.0402%|11-2:0.0402%|2-12:0.0402%|12-1:0.0201%|13-12:0.0201%|1-14:0.0201%|13-8:0.0201%|13-4:0.0201%|3-13:0.0201%|10-9:0.0201%|16-2:0.0201%|11-7:0.0201%|5-12:0.0201%|12-11:0.0201%|0-12:0.0201%|7-10:0.0201%|8-11:0.0201%|12-7:0.0201%|11-9:0.0201%
3º Lugar,-,-,Eng. Computacional,Eng. e Gestão Industrial,838.1,4.6,1079.8,6.3,19.7279,0.0000,80.2721,1.73,1.54,5.48,3.42,147,1,,1-5:5.4422%|1-6:4.7619%|2-6:4.0816%|2-1:4.0816%|1-3:4.0816%|0-4:3.4014%|4-2:3.4014%|0-5:3.4014%|2-3:3.4014%|3-2:3.4014%|1-4:2.7211%|2-4:2.7211%|3-5:2.7211%|0-7:2.7211%|1-10:2.7211%|3-7:2.0408%|1-2:2.0408%|1-7:2.0408%|1-8:2.0408%|0-11:2.0408%|0-2:2.0408%|0-3:2.0408%|1-9:1.3605%|0-1:1.3605%|1-12:1.3605%|1-0:1.3605%|4-3:1.3605%|3-6:1.3605%|0-9:1.3605%|0-8:1.3605%|4-5:1.3605%|1-17:0.6803%|1-14:0.6803%|3-10:0.6803%|7-4:0.6803%|5-1:0.6803%|3-11:0.6803%|4-0:0.6803%|6-5:0.6803%|2-8:0.6803%|1-13:0.6803%|3-13:0.6803%|3-1:0.6803%|4-6:0.6803%|6-4:0.6803%|3-8:0.6803%|6-3:0.6803%|2-0:0.6803%|2-12:0.6803%|2-14:0.6803%|0-10:0.6803%|2-9:0.6803%|2-5:0.6803%|5-6:0.6803%|0-6:0.6803%|0-14:0.6803%|3-4:0.6803%|4-11:0.6803%|2-11:0.6803%|7-6:0.6803%|1-11:0.6803%
3º Lugar,-,-,Eng. Computadores e Telemática,Eng. e Gestão Industrial,980.5,7.2,1079.8,5.9,34.7267,0.0000,65.2733,2.65,2.11,4.15,2.81,622,1,,1-4:4.3408%|2-1:4.1801%|2-4:3.8585%|3-2:3.8585%|2-3:3.5370%|1-2:3.5370%|2-5:2.8939%|3-4:2.5723%|1-3:2.5723%|0-5:2.2508%|0-2:2.0900%|3-1:2.0900%|3-5:1.9293%|4-2:1.9293%|3-6:1.9293%|1-5:1.9293%|2-7:1.7685%|2-6:1.7685%|0-3:1.7685%|4-1:1.6077%|0-1:1.6077%|5-4:1.6077%|1-7:1.6077%|2-0:1.6077%|0-4:1.6077%|5-3:1.4469%|5-6:1.4469%|1-6:1.4469%|1-0:1.4469%|4-3:1.4469%|1-8:1.2862%|5-1:1.2862%|3-0:1.1254%|2-8:1.1254%|4-6:1.1254%|6-3:1.1254%|0-6:1.1254%|3-7:0.9646%|4-7:0.9646%|5-2:0.9646%|4-5:0.9646%|4-0:0.9646%|0-7:0.9646%|6-2:0.8039%|0-10:0.8039%|1-9:0.8039%|6-4:0.8039%|5-7:0.6431%|6-0:0.6431%|2-10:0.6431%|6-5:0.6431%|0-9:0.6431%|2-9:0.4823%|8-4:0.4823%|3-10:0.4823%|8-2:0.4823%|5-8:0.4823%|6-1:0.4823%|3-8:0.4823%|0-8:0.3215%|3-11:0.3215%|3-9:0.3215%|9-2:0.3215%|7-3:0.3215%|1-11:0.3215%|4-8:0.3215%|7-0:0.3215%|7-4:0.3215%|0-11:0.3215%|8-1:0.3215%|0-12:0.1608%|10-8:0.1608%|5-9:0.1608%|4-9:0.1608%|13-2:0.1608%|8-0:0.1608%|5-11:0.1608%|1-12:0.1608%|2-11:0.1608%|9-3:0.1608%|5-0:0.1608%|5-12:0.1608%|4-14:0.1608%|9-0:0.1608%|8-5:0.1608%|2-12:0.1608%|7-2:0.1608%|8-9:0.1608%|0-13:0.1608%|8-6:0.1608%|6-8:0.1608%|9-8:0.1608%|1-10:0.1608%|9-11:0.1608%|7-12:0.1608%|9-4:0.1608%|8-7:0.1608%|10-1:0.1608%|4-11:0.1608%|3-14:0.1608%|7-11:0.1608%
3º Lugar,-,-,Contabilidade,Eng. Computadores e Telemática,1073.7,7.6,980.0,7.2,67.2794,0.0000,32.7206,4.10,2.72,2.50,1.91,272,1,,3-1:5.5147%|2-1:4.7794%|2-3:4.0441%|3-0:4.0441%|4-2:3.6765%|2-4:3.3088%|5-1:3.3088%|1-2:3.3088%|4-3:2.9412%|4-1:2.9412%|0-3:2.5735%|5-3:2.5735%|3-4:2.2059%|1-3:2.2059%|6-1:2.2059%|4-5:2.2059%|6-2:2.2059%|5-0:1.8382%|4-0:1.8382%|3-2:1.8382%|8-1:1.8382%|2-0:1.8382%|5-2:1.8382%|7-2:1.4706%|7-3:1.4706%|6-3:1.4706%|1-0:1.4706%|8-3:1.1029%|6-4:1.1029%|3-6:1.1029%|7-5:1.1029%|1-4:1.1029%|9-2:1.1029%|2-5:1.1029%|6-0:1.1029%|0-2:1.1029%|0-5:0.7353%|4-6:0.7353%|9-1:0.7353%|10-1:0.7353%|0-1:0.7353%|3-7:0.7353%|6-5:0.7353%|9-0:0.7353%|5-4:0.7353%|3-5:0.7353%|1-6:0.7353%|1-5:0.7353%|11-2:0.7353%|2-6:0.7353%|14-7:0.3676%|7-0:0.3676%|8-2:0.3676%|9-4:0.3676%|11-5:0.3676%|10-8:0.3676%|7-4:0.3676%|4-7:0.3676%|0-4:0.3676%|6-7:0.3676%|7-6:0.3676%|4-10:0.3676%|9-3:0.3676%|10-5:0.3676%|10-0:0.3676%|2-8:0.3676%|12-1:0.3676%|7-1:0.3676%|8-5:0.3676%|13-5:0.3676%|5-6:0.3676%|9-6:0.3676%|2-7:0.3676%|12-3:0.3676%
3º Lugar,-,-,Eng. de Materiais,Finanças,871.3,24.1,1030.6,6.7,25.5952,0.0000,74.4048,2.25,1.76,4.38,2.84,168,1,,1-3:5.3571%|2-3:5.3571%|0-4:4.7619%|1-2:4.7619%|2-6:4.7619%|2-4:4.1667%|2-0:3.5714%|3-1:2.9762%|4-6:2.9762%|2-5:2.9762%|1-5:2.9762%|3-2:2.9762%|0-6:2.3810%|0-2:2.3810%|0-1:2.3810%|2-8:2.3810%|4-2:2.3810%|3-5:1.7857%|0-3:1.7857%|5-4:1.7857%|3-9:1.7857%|4-5:1.1905%|1-10:1.1905%|1-8:1.1905%|0-7:1.1905%|1-4:1.1905%|3-0:1.1905%|6-5:1.1905%|1-0:1.1905%|0-5:1.1905%|5-3:1.1905%|4-8:1.1905%|3-4:1.1905%|6-2:1.1905%|4-3:1.1905%|3-7:1.1905%|2-1:0.5952%|4-1:0.5952%|2-9:0.5952%|6-1:0.5952%|6-4:0.5952%|2-11:0.5952%|3-12:0.5952%|5-1:0.5952%|3-11:0.5952%|7-12:0.5952%|3-8:0.5952%|5-7:0.5952%|3-6:0.5952%|1-6:0.5952%|7-1:0.5952%|2-10:0.5952%|0-11:0.5952%|0-10:0.5952%|6-3:0.5952%|7-4:0.5952%|4-9:0.5952%|5-6:0.5952%|6-7:0.5952%|0-13:0.5952%|1-9:0.5952%|5-9:0.5952%
3º Lugar,-,-,Eng. Computadores e Telemática,Gestão e Planeamento em Turismo,979.3,8.1,1075.3,6.2,30.8924,0.0000,69.1076,2.68,1.93,4.40,2.92,437,1,,3-2:4.8055%|2-3:4.1190%|2-4:3.6613%|1-2:3.4325%|1-3:3.4325%|3-5:3.2037%|3-6:3.2037%|3-4:3.2037%|0-3:3.2037%|4-2:2.9748%|4-1:2.5172%|1-5:2.5172%|2-6:2.2883%|1-4:2.2883%|2-1:2.2883%|3-1:2.0595%|2-5:2.0595%|0-1:1.8307%|4-5:1.6018%|1-6:1.6018%|4-7:1.6018%|0-7:1.6018%|5-2:1.6018%|0-2:1.6018%|3-0:1.6018%|1-9:1.3730%|0-4:1.3730%|4-3:1.3730%|2-8:1.3730%|3-8:1.1442%|4-6:1.1442%|5-6:1.1442%|1-8:1.1442%|2-7:1.1442%|2-10:1.1442%|0-5:1.1442%|1-7:0.9153%|6-2:0.9153%|5-1:0.9153%|6-4:0.9153%|6-1:0.9153%|6-3:0.9153%|5-4:0.6865%|0-6:0.6865%|5-3:0.6865%|3-9:0.6865%|2-0:0.6865%|4-9:0.6865%|7-2:0.6865%|6-5:0.4577%|8-3:0.4577%|4-10:0.4577%|5-7:0.4577%|1-0:0.4577%|3-13:0.4577%|3-10:0.4577%|2-9:0.4577%|7-5:0.4577%|5-9:0.4577%|5-0:0.4577%|4-8:0.2288%|11-5:0.2288%|5-12:0.2288%|3-12:0.2288%|1-11:0.2288%|3-7:0.2288%|8-10:0.2288%|2-14:0.2288%|3-11:0.2288%|2-12:0.2288%|0-11:0.2288%|8-11:0.2288%|0-8:0.2288%|7-3:0.2288%|4-0:0.2288%|7-4:0.2288%|4-11:0.2288%|8-4:0.2288%|6-10:0.2288%|0-10:0.2288%|2-18:0.2288%|9-5:0.2288%|9-1:0.2288%|4-12:0.2288%|6-9:0.2288%|3-16:0.2288%|8-2:0.2288%|1-10:0.2288%|9-3:0.2288%|5-11:0.2288%
3º Lugar,-,-,Contabilidade,Eng. Computacional,1073.3,7.4,837.4,5.2,89.0909,0.0000,10.9091,5.69,3.28,1.49,1.61,55,1,,2-0:5.4545%|5-2:5.4545%|2-1:5.4545%|6-1:5.4545%|6-0:5.4545%|7-1:5.4545%|12-1:3.6364%|10-2:3.6364%|4-0:3.6364%|5-3:3.6364%|5-1:3.6364%|8-0:3.6364%|1-0:3.6364%|6-2:3.6364%|9-0:3.6364%|6-3:3.6364%|2-4:3.6364%|17-0:1.8182%|3-1:1.8182%|0-2:1.8182%|9-3:1.8182%|8-3:1.8182%|4-2:1.8182%|10-1:1.8182%|5-7:1.8182%|8-2:1.8182%|0-1:1.8182%|4-1:1.8182%|10-6:1.8182%|3-0:1.8182%|7-0:1.8182%|5-6:1.8182%
3º Lugar,-,-,Eng. Mecânica,Eng. de Materiais,1084.0,7.6,863.1,34.6,89.7959,0.0000,10.2041,5.29,3.25,1.51,1.37,49,1,,3-1:8.1633%|4-0:6.1224%|3-0:6.1224%|4-2:6.1224%|3-2:6.1224%|12-0:4.0816%|7-2:4.0816%|2-1:4.0816%|11-3:4.0816%|5-2:2.0408%|8-1:2.0408%|7-0:2.0408%|5-1:2.0408%|5-0:2.0408%|6-1:2.0408%|8-5:2.0408%|1-2:2.0408%|11-4:2.0408%|0-2:2.0408%|7-1:2.0408%|6-0:2.0408%|9-0:2.0408%|2-4:2.0408%|2-3:2.0408%|7-3:2.0408%|1-0:2.0408%|7-4:2.0408%|2-0:2.0408%|13-0:2.0408%|1-4:2.0408%|8-2:2.0408%|6-2:2.0408%|9-1:2.0408%|5-4:2.0408%
3º Lugar,-,-,Eng. Computacional,Gestão e Planeamento em Turismo,837.8,3.8,1074.7,5.9,10.8911,0.0000,89.1089,1.69,1.34,5.71,3.43,101,1,,1-5:4.9505%|2-3:4.9505%|1-2:4.9505%|1-4:3.9604%|0-2:3.9604%|3-8:3.9604%|1-7:3.9604%|0-4:2.9703%|2-12:2.9703%|4-3:2.9703%|1-8:2.9703%|2-6:2.9703%|1-6:2.9703%|0-3:2.9703%|2-14:1.9802%|0-10:1.9802%|4-5:1.9802%|3-7:1.9802%|1-9:1.9802%|3-1:1.9802%|3-9:1.9802%|0-1:1.9802%|1-3:1.9802%|2-1:1.9802%|1-10:1.9802%|0-5:1.9802%|2-4:1.9802%|2-7:1.9802%|4-6:1.9802%|2-5:1.9802%|4-8:0.9901%|2-8:0.9901%|5-3:0.9901%|6-11:0.9901%|3-20:0.9901%|3-6:0.9901%|3-4:0.9901%|0-6:0.9901%|0-7:0.9901%|4-9:0.9901%|1-0:0.9901%|1-11:0.9901%|0-8:0.9901%|3-2:0.9901%|0-9:0.9901%|2-9:0.9901%|4-2:0.9901%
3º Lugar,-,-,Eng. Computacional,Eng. de Materiais,851.0,0.0,879.0,0.0,0.0000,0.0000,100.0000,3.00,0.00,9.00,0.00,1,1,,3-9:100.0000%
3º Lugar,-,-,Eng. Computadores e Telemática,Eng. de Materiais,976.7,3.0,870.8,16.5,83.3333,0.0000,16.6667,6.00,3.56,2.17,1.34,6,1,,9-2:16.6667%|11-1:16.6667%|8-4:16.6667%|3-1:16.6667%|4-1:16.6667%|1-4:16.6667%
Final,-,-,Eng. Mecânica,Gestão e Planeamento em Turismo,1239.3,3.2,1230.2,7.9,52.2118,0.0000,47.7882,3.51,2.45,3.34,2.38,20865,1,,2-3:3.7096%|2-1:3.6904%|3-2:3.6856%|1-2:3.4412%|3-1:3.2543%|4-2:3.0769%|1-3:2.9667%|2-4:2.8756%|4-3:2.7127%|4-1:2.5210%|3-4:2.4682%|5-2:2.3005%|1-4:2.2334%|2-5:2.0848%|5-3:1.9363%|5-1:1.8692%|1-5:1.8260%|3-5:1.8069%|0-2:1.7877%|6-2:1.7829%|2-0:1.6918%|3-0:1.5672%|5-4:1.5193%|6-3:1.4857%|1-0:1.4474%|4-5:1.4378%|0-1:1.3611%|3-6:1.3468%|0-3:1.3084%|2-6:1.2988%|6-1:1.2892%|1-6:1.2844%|4-6:1.1455%|4-0:1.1215%|0-4:1.1023%|7-2:1.0592%|6-4:1.0400%|7-3:0.9346%|7-1:0.9202%|2-7:0.9154%|5-0:0.8387%|6-5:0.8148%|0-5:0.7956%|3-7:0.7860%|5-6:0.7812%|7-4:0.7668%|8-2:0.7189%|1-7:0.6997%|4-7:0.6470%|2-8:0.6039%|0-6:0.5991%|8-1:0.5943%|8-3:0.5703%|6-0:0.5464%|3-8:0.5416%|8-4:0.4889%|1-8:0.4793%|7-5:0.4697%|5-7:0.4553%|7-0:0.4026%|4-8:0.3738%|7-6:0.3690%|9-1:0.3642%|9-2:0.3499%|6-7:0.3403%|0-7:0.3307%|9-3:0.3259%|5-8:0.3211%|1-9:0.3019%|8-5:0.3019%|9-4:0.2876%|8-0:0.2732%|3-9:0.2684%|2-9:0.2492%|8-6:0.2157%|4-9:0.2013%|10-3:0.1965%|9-5:0.1869%|10-1:0.1821%|2-10:0.1821%|10-2:0.1773%|3-10:0.1773%|0-8:0.1773%|6-8:0.1630%|10-4:0.1534%|5-9:0.1534%|1-10:0.1486%|8-7:0.1294%|10-6:0.1294%|9-0:0.1294%|7-8:0.1246%|9-6:0.1246%|2-11:0.1150%|5-10:0.1054%|6-9:0.1006%|4-10:0.0911%|0-9:0.0911%|10-5:0.0815%|11-3:0.0815%|11-2:0.0767%|2-12:0.0767%|1-11:0.0767%|10-0:0.0767%|9-7:0.0719%|7-9:0.0719%|12-1:0.0671%|11-1:0.0671%|6-10:0.0671%|4-11:0.0623%|12-2:0.0575%|10-7:0.0527%|1-12:0.0527%|0-10:0.0527%|5-11:0.0479%|11-0:0.0479%|11-4:0.0431%|3-11:0.0431%|13-3:0.0431%|3-12:0.0383%|11-6:0.0383%|11-5:0.0383%|12-3:0.0288%|9-8:0.0288%|8-9:0.0288%|12-6:0.0288%|4-12:0.0288%|2-13:0.0288%|8-10:0.0288%|10-8:0.0240%|12-5:0.0240%|11-7:0.0240%|7-10:0.0192%|6-11:0.0192%|0-12:0.0192%|0-11:0.0192%|13-2:0.0192%|5-12:0.0192%|8-11:0.0192%|6-12:0.0144%|12-0:0.0144%|13-5:0.0144%|1-14:0.0144%|11-8:0.0144%|7-11:0.0144%|13-4:0.0096%|7-13:0.0096%|6-14:0.0096%|9-11:0.0096%|9-10:0.0096%|14-2:0.0096%|3-13:0.0096%|1-13:0.0096%|14-3:0.0096%|4-13:0.0096%|11-9:0.0096%|14-0:0.0096%|15-3:0.0096%|15-1:0.0048%|12-9:0.0048%|8-13:0.0048%|16-4:0.0048%|6-13:0.0048%|2-14:0.0048%|3-14:0.0048%|4-14:0.0048%|14-8:0.0048%|0-13:0.0048%|17-2:0.0048%|4-15:0.0048%|15-8:0.0048%|13-9:0.0048%|7-12:0.0048%|14-1:0.0048%|10-9:0.0048%|5-13:0.0048%|12-7:0.0048%|14-9:0.0048%|12-4:0.0048%|16-0:0.0048%|5-14:0.0048%|13-1:0.0048%|12-8:0.0048%|8-12:0.0048%|16-2:0.0048%
Final,-,-,Eng. Mecânica,Eng. e Gestão Industrial,1239.3,3.2,1235.4,5.3,50.8997,0.0000,49.1003,3.47,2.45,3.39,2.40,39236,1,,2-3:3.7797%|3-2:3.7338%|2-1:3.5962%|1-2:3.5325%|1-3:3.1680%|3-1:3.1425%|4-2:2.9284%|2-4:2.8010%|4-3:2.6175%|3-4:2.6175%|1-4:2.4977%|4-1:2.4722%|5-2:2.1664%|2-5:2.1536%|3-5:2.1001%|5-3:1.9497%|1-5:1.8682%|5-1:1.8223%|2-0:1.6872%|6-2:1.6133%|0-2:1.5572%|5-4:1.4451%|3-0:1.4426%|0-3:1.4400%|2-6:1.4069%|6-3:1.3635%|1-0:1.3304%|4-5:1.3075%|4-0:1.3049%|0-1:1.2896%|1-6:1.2540%|6-1:1.2412%|3-6:1.2208%|0-4:1.1240%|6-4:1.0730%|4-6:1.0093%|7-2:1.0042%|2-7:0.9226%|0-5:0.8971%|7-3:0.8946%|3-7:0.8895%|5-0:0.8869%|7-1:0.8538%|6-5:0.7595%|1-7:0.7289%|7-4:0.7111%|4-7:0.6958%|5-6:0.6907%|6-0:0.6601%|8-1:0.6142%|8-2:0.6142%|0-6:0.6117%|2-8:0.5684%|1-8:0.5327%|8-3:0.5327%|5-7:0.5301%|7-5:0.5199%|3-8:0.4868%|8-4:0.4358%|7-0:0.4307%|0-7:0.3823%|4-8:0.3594%|9-2:0.3543%|7-6:0.3441%|2-9:0.3415%|8-5:0.3262%|9-3:0.3237%|6-7:0.3160%|3-9:0.3058%|5-8:0.2982%|5-9:0.2727%|9-1:0.2727%|1-9:0.2625%|4-9:0.2472%|9-4:0.2472%|0-8:0.2421%|8-0:0.2090%|8-6:0.2013%|6-8:0.1988%|2-10:0.1886%|10-1:0.1886%|10-3:0.1835%|9-5:0.1810%|10-2:0.1759%|8-7:0.1733%|7-8:0.1606%|9-0:0.1504%|3-10:0.1504%|0-9:0.1478%|9-6:0.1325%|1-10:0.1325%|10-4:0.1300%|10-5:0.1300%|4-10:0.1172%|6-9:0.1096%|2-11:0.0994%|9-7:0.0943%|11-2:0.0943%|11-1:0.0918%|10-6:0.0892%|11-4:0.0892%|10-0:0.0892%|1-11:0.0867%|3-11:0.0816%|4-11:0.0739%|7-9:0.0714%|5-10:0.0688%|10-7:0.0688%|0-10:0.0637%|11-3:0.0637%|6-10:0.0561%|12-2:0.0484%|8-9:0.0459%|12-3:0.0459%|3-12:0.0459%|12-1:0.0459%|5-11:0.0459%|11-5:0.0433%|1-12:0.0433%|11-0:0.0408%|2-12:0.0382%|10-8:0.0357%|4-12:0.0357%|13-2:0.0306%|10-9:0.0306%|6-11:0.0306%|12-4:0.0306%|7-10:0.0280%|9-8:0.0280%|12-5:0.0255%|0-11:0.0229%|11-7:0.0229%|13-1:0.0204%|12-0:0.0204%|7-12:0.0204%|7-11:0.0178%|11-6:0.0178%|3-13:0.0178%|8-10:0.0178%|13-3:0.0178%|2-13:0.0153%|14-2:0.0153%|0-12:0.0127%|8-11:0.0127%|14-1:0.0127%|5-12:0.0127%|1-13:0.0102%|13-5:0.0102%|6-12:0.0102%|7-13:0.0102%|4-13:0.0102%|11-8:0.0102%|13-4:0.0102%|13-6:0.0076%|12-9:0.0076%|0-13:0.0076%|4-15:0.0076%|5-13:0.0076%|14-4:0.0076%|12-7:0.0076%|4-14:0.0051%|2-14:0.0051%|12-8:0.0051%|14-7:0.0051%|14-0:0.0051%|10-11:0.0051%|13-7:0.0051%|15-1:0.0051%|5-14:0.0025%|5-15:0.0025%|11-9:0.0025%|9-11:0.0025%|3-14:0.0025%|8-15:0.0025%|8-16:0.0025%|15-5:0.0025%|2-16:0.0025%|8-12:0.0025%|16-7:0.0025%|6-13:0.0025%|13-0:0.0025%|9-10:0.0025%|1-14:0.0025%|0-14:0.0025%|1-16:0.0025%|9-13:0.0025%|11-10:0.0025%|17-6:0.0025%|15-2:0.0025%|14-11:0.0025%|14-6:0.0025%|13-8:0.0025%|9-12:0.0025%|15-0:0.0025%|10-13:0.0025%
Final,-,-,Contabilidade,Eng. Mecânica,1229.1,9.5,1239.3,3.3,48.1885,0.0000,51.8115,3.34,2.39,3.51,2.47,13221,1,,3-2:3.9104%|2-3:3.6533%|3-1:3.4264%|1-3:3.3356%|1-2:3.3356%|2-1:3.2978%|2-4:3.0104%|4-2:2.8515%|4-1:2.5187%|1-4:2.4960%|3-4:2.4809%|4-3:2.4280%|2-5:2.3448%|5-2:2.0498%|1-5:1.9212%|3-5:1.7623%|0-2:1.7548%|5-3:1.6640%|0-3:1.6186%|2-0:1.5884%|3-0:1.5884%|2-6:1.5506%|0-1:1.5354%|5-1:1.5127%|6-2:1.4976%|3-6:1.4976%|4-5:1.4674%|1-0:1.3917%|5-4:1.3766%|0-4:1.2707%|6-3:1.2329%|1-6:1.2102%|6-1:1.1043%|4-6:1.0892%|4-0:1.0816%|2-7:1.0211%|0-5:0.9984%|6-4:0.9908%|7-2:0.9833%|3-7:0.9152%|7-3:0.8698%|7-1:0.8169%|6-5:0.8169%|1-7:0.8093%|4-7:0.7791%|5-0:0.7715%|5-6:0.7337%|7-4:0.6656%|3-8:0.6580%|8-2:0.6278%|5-7:0.6278%|0-6:0.5975%|1-8:0.5673%|2-8:0.5370%|6-0:0.5068%|8-3:0.4992%|7-5:0.4841%|5-8:0.4160%|3-9:0.4160%|1-9:0.4009%|8-1:0.4009%|0-7:0.4009%|8-4:0.3857%|2-9:0.3631%|4-8:0.3555%|7-0:0.3404%|9-3:0.3177%|6-7:0.3177%|8-5:0.3101%|8-6:0.3025%|9-2:0.2950%|7-6:0.2799%|9-1:0.2647%|6-8:0.2572%|2-10:0.2572%|5-9:0.2345%|0-8:0.2345%|4-9:0.2269%|10-3:0.2193%|9-4:0.2118%|8-0:0.2042%|3-10:0.1967%|10-2:0.1891%|9-5:0.1815%|0-9:0.1815%|1-10:0.1740%|8-7:0.1664%|10-4:0.1588%|10-1:0.1588%|6-9:0.1513%|7-8:0.1286%|3-11:0.1210%|9-0:0.1210%|4-10:0.1135%|10-0:0.0908%|0-10:0.0908%|7-9:0.0908%|10-5:0.0832%|10-6:0.0832%|11-2:0.0832%|1-11:0.0756%|2-11:0.0756%|4-11:0.0756%|4-12:0.0681%|11-3:0.0681%|6-10:0.0681%|5-10:0.0681%|9-6:0.0681%|10-8:0.0605%|8-9:0.0605%|11-1:0.0529%|10-7:0.0529%|6-11:0.0529%|0-11:0.0454%|9-7:0.0454%|9-10:0.0378%|5-11:0.0378%|8-10:0.0378%|11-6:0.0378%|2-12:0.0378%|12-4:0.0378%|2-14:0.0378%|12-3:0.0378%|11-4:0.0378%|12-5:0.0303%|11-5:0.0303%|10-9:0.0303%|1-12:0.0303%|9-8:0.0227%|0-12:0.0227%|12-6:0.0227%|13-1:0.0227%|3-12:0.0227%|9-11:0.0227%|1-13:0.0151%|0-13:0.0151%|5-12:0.0151%|12-1:0.0151%|7-12:0.0151%|2-13:0.0151%|7-11:0.0151%|3-13:0.0151%|6-13:0.0151%|7-10:0.0151%|11-8:0.0076%|10-11:0.0076%|5-13:0.0076%|4-14:0.0076%|1-15:0.0076%|13-9:0.0076%|13-5:0.0076%|13-4:0.0076%|12-2:0.0076%|11-9:0.0076%|4-15:0.0076%|13-3:0.0076%|11-10:0.0076%|12-10:0.0076%|12-0:0.0076%|6-12:0.0076%|13-8:0.0076%|12-9:0.0076%|0-14:0.0076%|13-2:0.0076%|13-6:0.0076%|7-14:0.0076%|2-15:0.0076%|4-16:0.0076%|17-2:0.0076%|6-15:0.0076%|6-14:0.0076%
Final,-,-,Contabilidade,Finanças,1229.3,9.0,1184.1,12.2,58.5151,0.0000,41.4849,3.85,2.64,3.07,2.21,4539,1,,3-2:3.8775%|4-2:3.6352%|2-1:3.5911%|2-3:3.3928%|3-1:3.3047%|3-4:3.2386%|1-2:3.1505%|1-3:3.0844%|2-4:2.7098%|4-1:2.6438%|4-3:2.5556%|5-2:2.5116%|5-3:2.4675%|1-4:2.4014%|5-1:2.0489%|2-0:1.8506%|5-4:1.7625%|3-0:1.6744%|1-5:1.6744%|6-2:1.6303%|6-1:1.6303%|3-5:1.5202%|6-3:1.4320%|2-5:1.3659%|4-0:1.3659%|2-6:1.3439%|0-2:1.3219%|1-0:1.2998%|0-1:1.2558%|4-5:1.2558%|6-4:1.2117%|7-2:1.1677%|7-3:1.1677%|3-6:1.1236%|1-6:1.1236%|7-1:1.1236%|0-3:1.1016%|8-2:1.0134%|4-6:0.9033%|6-0:0.9033%|5-0:0.9033%|0-4:0.8372%|7-4:0.7931%|8-1:0.7711%|6-5:0.7270%|7-0:0.7050%|3-7:0.6830%|2-7:0.5728%|0-5:0.5728%|5-6:0.5508%|8-4:0.5288%|7-5:0.5288%|9-2:0.5288%|0-6:0.5067%|8-3:0.4847%|8-5:0.4627%|1-7:0.4406%|4-7:0.4186%|9-1:0.4186%|9-4:0.3966%|3-8:0.3745%|5-7:0.3745%|4-8:0.3745%|2-8:0.3525%|9-3:0.3525%|10-3:0.3305%|6-7:0.3305%|7-6:0.3305%|0-7:0.3084%|8-0:0.3084%|10-1:0.2864%|10-4:0.2864%|10-2:0.2423%|9-5:0.2423%|1-8:0.2203%|11-2:0.2203%|2-9:0.1983%|11-4:0.1983%|9-0:0.1983%|8-6:0.1763%|6-8:0.1763%|5-8:0.1763%|10-5:0.1542%|6-9:0.1542%|3-9:0.1542%|11-3:0.1542%|1-9:0.1542%|11-1:0.1542%|2-10:0.1322%|11-6:0.1322%|4-9:0.1322%|8-9:0.1102%|12-2:0.1102%|12-4:0.1102%|11-5:0.1102%|12-3:0.1102%|0-8:0.1102%|10-0:0.0881%|9-8:0.0881%|1-11:0.0881%|9-6:0.0881%|7-10:0.0881%|5-9:0.0881%|10-7:0.0881%|1-10:0.0881%|3-11:0.0661%|5-10:0.0661%|11-0:0.0661%|3-10:0.0661%|7-8:0.0661%|10-6:0.0661%|10-8:0.0661%|13-1:0.0661%|8-11:0.0441%|8-7:0.0441%|13-0:0.0441%|6-10:0.0441%|12-7:0.0441%|14-0:0.0441%|12-6:0.0441%|2-11:0.0441%|3-12:0.0441%|0-9:0.0220%|0-12:0.0220%|1-12:0.0220%|6-12:0.0220%|7-9:0.0220%|15-7:0.0220%|2-13:0.0220%|13-7:0.0220%|13-3:0.0220%|4-13:0.0220%|14-3:0.0220%|15-2:0.0220%|13-5:0.0220%|3-13:0.0220%|16-0:0.0220%|7-11:0.0220%|13-8:0.0220%|12-8:0.0220%|12-0:0.0220%|14-2:0.0220%|13-6:0.0220%|5-11:0.0220%|0-10:0.0220%|8-10:0.0220%|1-13:0.0220%|12-5:0.0220%|16-3:0.0220%|15-4:0.0220%|11-10:0.0220%|4-10:0.0220%
Final,-,-,Eng. e Gestão Industrial,Finanças,1235.4,5.4,1184.1,12.3,60.1510,0.0000,39.8490,3.91,2.64,3.00,2.23,13506,1,,3-1:3.6650%|2-1:3.6650%|3-2:3.6576%|2-3:3.3985%|4-2:3.2356%|1-2:3.0801%|4-1:2.9616%|1-3:2.8284%|4-3:2.7988%|2-4:2.5692%|5-2:2.4804%|3-4:2.3397%|5-1:2.2879%|2-0:1.9621%|5-3:1.9621%|1-4:1.9103%|2-5:1.8288%|6-2:1.8066%|3-0:1.7400%|3-5:1.6807%|6-1:1.6215%|5-4:1.6141%|6-3:1.5549%|1-0:1.4956%|4-0:1.4734%|1-5:1.4068%|0-3:1.3772%|7-2:1.3179%|4-5:1.2809%|0-1:1.2291%|0-2:1.1995%|7-1:1.1699%|6-4:1.1328%|3-6:1.0958%|5-0:1.0810%|2-6:1.0514%|4-6:0.9996%|8-1:0.9477%|7-3:0.9107%|7-4:0.8959%|6-0:0.8811%|8-2:0.8663%|0-4:0.8663%|1-6:0.7996%|7-0:0.7478%|6-5:0.7404%|3-7:0.6960%|8-3:0.6812%|2-7:0.6738%|8-4:0.6664%|0-5:0.6516%|5-6:0.6442%|9-1:0.5701%|7-5:0.5405%|1-7:0.4813%|5-7:0.4813%|9-2:0.4739%|8-0:0.4665%|3-8:0.4294%|4-7:0.4146%|0-6:0.3998%|2-8:0.3998%|9-3:0.3850%|9-4:0.3776%|4-8:0.3554%|8-5:0.3480%|8-6:0.3406%|10-2:0.3332%|7-6:0.3258%|10-3:0.3184%|1-8:0.2962%|10-1:0.2962%|9-5:0.2740%|6-7:0.2665%|9-0:0.2369%|5-8:0.2295%|10-4:0.2073%|6-8:0.1925%|11-1:0.1851%|8-7:0.1851%|0-7:0.1777%|10-0:0.1777%|11-2:0.1777%|2-9:0.1555%|1-9:0.1555%|5-9:0.1555%|9-6:0.1481%|11-3:0.1407%|10-5:0.1407%|0-8:0.1407%|3-9:0.1259%|12-3:0.1185%|4-9:0.1185%|11-5:0.0963%|1-10:0.0963%|7-8:0.0963%|11-6:0.0963%|11-4:0.0814%|13-1:0.0814%|4-10:0.0814%|9-7:0.0814%|6-9:0.0740%|12-1:0.0740%|10-6:0.0666%|10-7:0.0666%|3-10:0.0666%|12-4:0.0666%|2-11:0.0592%|2-10:0.0592%|3-11:0.0592%|12-2:0.0592%|0-9:0.0518%|12-0:0.0518%|11-0:0.0518%|8-9:0.0518%|7-9:0.0518%|4-11:0.0444%|13-3:0.0444%|5-10:0.0370%|11-7:0.0370%|7-11:0.0370%|4-13:0.0296%|0-10:0.0296%|5-11:0.0296%|13-5:0.0296%|12-7:0.0296%|6-10:0.0296%|12-6:0.0296%|13-2:0.0222%|14-2:0.0222%|12-5:0.0222%|4-12:0.0222%|11-8:0.0222%|6-11:0.0222%|13-0:0.0222%|10-8:0.0222%|3-13:0.0222%|1-11:0.0222%|6-13:0.0148%|3-15:0.0148%|13-4:0.0148%|14-3:0.0148%|7-10:0.0148%|9-8:0.0148%|15-1:0.0148%|13-6:0.0148%|9-10:0.0148%|8-10:0.0148%|1-12:0.0148%|8-15:0.0074%|14-7:0.0074%|14-1:0.0074%|16-7:0.0074%|9-11:0.0074%|7-12:0.0074%|14-4:0.0074%|0-11:0.0074%|5-12:0.0074%|15-3:0.0074%|1-15:0.0074%|3-12:0.0074%|5-14:0.0074%|14-0:0.0074%|10-12:0.0074%|10-9:0.0074%|14-5:0.0074%|14-6:0.0074%|16-2:0.0074%|6-12:0.0074%|8-11:0.0074%|1-13:0.0074%|17-0:0.0074%|1-14:0.0074%|17-5:0.0074%|15-7:0.0074%|18-3:0.0074%|14-12:0.0074%|8-12:0.0074%
Final,-,-,Finanças,Gestão e Planeamento em Turismo,1184.1,12.3,1230.1,8.2,40.8894,0.0000,59.1106,3.07,2.32,3.85,2.60,7398,1,,1-3:4.1498%|2-3:3.7713%|1-2:3.5550%|3-2:3.2036%|2-1:3.1901%|2-4:3.1225%|1-4:3.1089%|3-1:2.7440%|3-4:2.6764%|2-5:2.6223%|4-2:2.5547%|4-3:2.3925%|1-5:2.0952%|3-5:1.9870%|0-2:1.9735%|4-1:1.8924%|0-3:1.8248%|2-6:1.7707%|5-2:1.7032%|1-6:1.6491%|3-6:1.5815%|5-3:1.5680%|5-4:1.5410%|0-4:1.5410%|5-1:1.4058%|2-0:1.3923%|1-0:1.3923%|4-6:1.3652%|4-5:1.3517%|0-1:1.2976%|6-2:1.2030%|2-7:1.1625%|6-3:1.1219%|1-7:1.0814%|6-1:1.0814%|0-5:1.0408%|3-7:1.0273%|3-0:1.0273%|0-6:0.8786%|1-8:0.8245%|6-4:0.8110%|4-0:0.7840%|2-8:0.7570%|6-5:0.7434%|4-7:0.7434%|7-2:0.7164%|5-6:0.7164%|0-7:0.6623%|7-1:0.6353%|3-8:0.6218%|5-7:0.6083%|5-0:0.5812%|7-3:0.5677%|7-4:0.5272%|8-2:0.4731%|8-3:0.4596%|1-9:0.4325%|0-8:0.4325%|3-9:0.4055%|4-9:0.3514%|6-0:0.3514%|2-10:0.3514%|4-8:0.3379%|2-9:0.3109%|6-7:0.3109%|6-8:0.2974%|8-5:0.2974%|7-6:0.2974%|5-8:0.2839%|3-10:0.2839%|5-9:0.2839%|9-1:0.2839%|9-2:0.2839%|7-0:0.2703%|7-5:0.2703%|1-10:0.2568%|0-9:0.2568%|9-3:0.2433%|8-4:0.2163%|10-2:0.2163%|4-10:0.2028%|9-4:0.1892%|7-9:0.1892%|8-1:0.1892%|2-11:0.1892%|9-5:0.1757%|6-9:0.1757%|8-6:0.1757%|2-12:0.1622%|8-7:0.1622%|5-10:0.1622%|7-8:0.1487%|1-11:0.1487%|1-12:0.1352%|10-4:0.1352%|8-0:0.1352%|9-0:0.1352%|0-11:0.1352%|10-3:0.1217%|0-10:0.1217%|9-6:0.1081%|4-11:0.1081%|9-7:0.0946%|3-11:0.0946%|6-11:0.0811%|10-1:0.0811%|11-3:0.0811%|6-10:0.0676%|10-5:0.0676%|10-7:0.0676%|8-9:0.0541%|11-5:0.0541%|0-13:0.0541%|8-10:0.0541%|7-10:0.0541%|5-11:0.0541%|1-13:0.0541%|10-6:0.0541%|12-3:0.0406%|11-2:0.0406%|11-4:0.0406%|4-13:0.0406%|11-1:0.0406%|3-12:0.0406%|12-4:0.0270%|1-15:0.0270%|9-10:0.0270%|0-12:0.0270%|11-7:0.0270%|3-13:0.0270%|2-15:0.0270%|2-13:0.0270%|11-6:0.0270%|7-12:0.0270%|5-12:0.0270%|6-12:0.0270%|10-0:0.0135%|8-12:0.0135%|15-2:0.0135%|12-0:0.0135%|11-9:0.0135%|5-13:0.0135%|13-7:0.0135%|4-12:0.0135%|9-11:0.0135%|12-2:0.0135%|0-14:0.0135%|10-9:0.0135%|11-0:0.0135%|1-14:0.0135%|9-13:0.0135%|4-14:0.0135%|7-11:0.0135%|8-13:0.0135%|9-8:0.0135%|5-14:0.0135%|12-1:0.0135%|13-9:0.0135%|13-3:0.0135%|9-12:0.0135%|11-10:0.0135%|2-14:0.0135%
Final,-,-,Eng. Computadores e Telemática,Eng. e Gestão Industrial,1136.0,8.8,1235.6,5.4,28.8316,0.0000,71.1684,2.59,1.96,4.43,2.81,659,1,,1-3:4.7041%|1-4:3.9454%|2-3:3.6419%|3-2:3.4901%|1-2:3.1866%|3-4:3.0349%|2-4:2.8832%|3-5:2.8832%|4-5:2.4279%|2-1:2.4279%|0-3:2.2762%|2-6:2.2762%|1-5:2.2762%|1-6:2.2762%|3-7:2.2762%|4-2:2.1244%|3-1:2.1244%|0-2:2.1244%|3-6:1.9727%|2-5:1.8209%|4-1:1.8209%|4-3:1.6692%|2-7:1.6692%|0-1:1.6692%|1-8:1.5175%|0-6:1.5175%|5-2:1.3657%|0-4:1.2140%|3-8:1.2140%|1-0:1.2140%|5-6:1.2140%|0-5:1.2140%|2-8:1.0622%|0-9:1.0622%|5-1:1.0622%|0-7:1.0622%|4-7:0.9105%|1-10:0.9105%|5-4:0.9105%|3-0:0.9105%|4-10:0.9105%|5-3:0.9105%|6-3:0.7587%|4-6:0.7587%|6-2:0.7587%|1-9:0.6070%|2-9:0.6070%|1-7:0.6070%|0-8:0.6070%|3-9:0.6070%|4-8:0.6070%|8-2:0.6070%|8-4:0.6070%|2-0:0.6070%|6-4:0.4552%|7-2:0.4552%|3-11:0.4552%|5-0:0.4552%|3-10:0.4552%|4-0:0.4552%|6-7:0.3035%|2-12:0.3035%|6-1:0.3035%|9-4:0.3035%|1-11:0.3035%|4-11:0.3035%|4-9:0.3035%|2-11:0.3035%|5-8:0.3035%|6-0:0.3035%|5-7:0.3035%|7-3:0.3035%|8-7:0.3035%|7-1:0.3035%|6-5:0.3035%|3-12:0.3035%|7-0:0.3035%|6-8:0.3035%|0-10:0.3035%|8-1:0.3035%|8-6:0.1517%|5-14:0.1517%|8-3:0.1517%|5-12:0.1517%|9-2:0.1517%|5-10:0.1517%|9-3:0.1517%|7-6:0.1517%|2-15:0.1517%|5-11:0.1517%|2-10:0.1517%|7-4:0.1517%|8-11:0.1517%|4-13:0.1517%|3-13:0.1517%
Final,-,-,Contabilidade,Eng. Computadores e Telemática,1229.0,10.7,1135.1,8.9,66.0287,0.0000,33.9713,4.22,2.71,2.72,1.95,209,1,,3-1:5.2632%|5-1:4.3062%|2-3:4.3062%|5-2:3.8278%|3-5:3.8278%|2-1:3.8278%|8-2:3.3493%|6-4:3.3493%|3-2:3.3493%|4-2:2.8708%|1-4:2.8708%|2-0:2.3923%|1-2:2.3923%|4-0:2.3923%|0-4:1.9139%|8-1:1.9139%|2-7:1.9139%|4-1:1.9139%|6-2:1.9139%|5-3:1.9139%|7-0:1.9139%|10-1:1.4354%|3-0:1.4354%|6-3:1.4354%|0-3:1.4354%|2-4:1.4354%|4-5:1.4354%|7-1:1.4354%|0-2:1.4354%|7-3:1.4354%|1-3:1.4354%|4-6:1.4354%|2-5:1.4354%|6-5:1.4354%|10-3:0.9569%|4-3:0.9569%|2-6:0.9569%|7-2:0.9569%|0-5:0.9569%|3-4:0.9569%|1-0:0.9569%|5-4:0.9569%|3-7:0.9569%|8-6:0.4785%|11-0:0.4785%|8-7:0.4785%|5-6:0.4785%|8-3:0.4785%|10-7:0.4785%|1-6:0.4785%|7-6:0.4785%|0-1:0.4785%|3-8:0.4785%|6-8:0.4785%|8-5:0.4785%|9-2:0.4785%|11-3:0.4785%|10-6:0.4785%|3-6:0.4785%|5-0:0.4785%|8-0:0.4785%|11-1:0.4785%|10-4:0.4785%|12-3:0.4785%|8-4:0.4785%|6-0:0.4785%
Final,-,-,Eng. Computadores e Telemática,Gestão e Planeamento em Turismo,1136.2,8.1,1230.6,7.3,29.9094,0.0000,70.0906,2.58,1.87,4.24,2.67,331,1,,1-2:4.8338%|2-4:4.5317%|1-3:4.2296%|3-2:3.9275%|2-6:3.9275%|2-3:3.9275%|3-1:3.3233%|3-5:3.0211%|3-4:3.0211%|1-5:3.0211%|5-2:3.0211%|1-4:2.7190%|0-5:2.4169%|0-4:2.4169%|1-6:2.1148%|4-1:2.1148%|4-3:2.1148%|1-8:1.8127%|3-7:1.8127%|0-3:1.8127%|3-6:1.5106%|4-5:1.5106%|2-7:1.5106%|4-8:1.5106%|2-8:1.5106%|2-5:1.5106%|0-2:1.2085%|0-1:1.2085%|1-9:1.2085%|1-0:1.2085%|2-0:1.2085%|0-6:1.2085%|5-4:1.2085%|5-1:1.2085%|4-6:1.2085%|6-3:0.9063%|5-3:0.9063%|3-0:0.9063%|5-0:0.9063%|4-2:0.9063%|6-4:0.9063%|1-7:0.9063%|3-9:0.9063%|5-7:0.6042%|8-2:0.6042%|5-6:0.6042%|2-11:0.6042%|2-13:0.6042%|4-10:0.6042%|3-8:0.6042%|7-4:0.6042%|2-10:0.6042%|7-2:0.6042%|4-7:0.6042%|2-1:0.6042%|7-3:0.6042%|4-9:0.3021%|6-1:0.3021%|4-16:0.3021%|8-4:0.3021%|8-5:0.3021%|6-7:0.3021%|6-0:0.3021%|5-8:0.3021%|0-10:0.3021%|5-11:0.3021%|1-12:0.3021%|8-1:0.3021%|10-1:0.3021%|6-9:0.3021%|0-9:0.3021%|6-2:0.3021%
Final,-,-,Eng. Computadores e Telemática,Eng. de Materiais,1138.0,0.0,1028.0,0.0,0.0000,0.0000,100.0000,2.00,0.00,5.00,0.00,1,1,,2-5:100.0000%
Final,-,-,Eng. Mecânica,Eng. de Materiais,1239.8,2.6,1031.2,5.3,85.0000,0.0000,15.0000,4.20,2.48,1.30,1.35,20,1,,3-1:10.0000%|3-0:10.0000%|4-1:10.0000%|2-5:5.0000%|3-2:5.0000%|2-1:5.0000%|4-3:5.0000%|11-0:5.0000%|7-1:5.0000%|7-0:5.0000%|4-0:5.0000%|6-0:5.0000%|2-0:5.0000%|7-2:5.0000%|7-3:5.0000%|1-3:5.0000%|1-2:5.0000%
Final,-,-,Eng. Computacional,Eng. e Gestão Industrial,980.1,9.2,1235.4,4.9,14.2857,0.0000,85.7143,1.14,0.64,4.86,3.52,7,1,,1-2:28.5714%|2-1:14.2857%|1-11:14.2857%|2-4:14.2857%|0-5:14.2857%|1-9:14.2857%
Final,-,-,Eng. Computacional,Gestão e Planeamento em Turismo,999.0,0.0,1230.0,0.0,0.0000,0.0000,100.0000,0.00,0.00,4.00,0.00,1,1,,0-4:100.0000%
Final,-,-,Contabilidade,Eng. Computacional,1225.5,3.2,990.8,7.3,100.0000,0.0000,0.0000,6.75,1.48,1.00,1.22,4,1,,5-1:25.0000%|7-0:25.0000%|6-0:25.0000%|9-3:25.0000%
Final,-,-,Eng. de Materiais,Finanças,1024.0,20.8,1181.0,1.4,66.6667,0.0000,33.3333,2.67,1.25,4.00,2.16,3,1,,1-7:33.3333%|4-3:33.3333%|3-2:33.3333%
